qid,q2d,global_corroborate,gated_corroborate
0,1.0,1.0,1.0
1,1.0,1.0,1.0
10,0.1,0.058823529411764705,0.058823529411764705
100,1.0,1.0,1.0
1000,0.06666666666666667,0.125,0.125
1001,0.25,0.16666666666666666,0.25
1002,0.14285714285714285,0.14285714285714285,0.14285714285714285
1003,0.14285714285714285,0.16666666666666666,0.16666666666666666
1004,0.0,0.0,0.0
1005,0.0,0.0,0.0
1006,0.0,0.0,0.0
1007,0.0,0.0,0.0
1008,0.1,0.08333333333333333,0.08333333333333333
1009,0.0,0.0,0.0
101,0.0,0.0,0.0
1010,0.0,0.0,0.0
1011,1.0,1.0,1.0
1012,0.0625,0.07142857142857142,0.07142857142857142
1013,0.2,0.1,0.2
1014,1.0,1.0,1.0
1015,0.0,0.0,0.0
1016,0.0,0.0,0.0
1017,0.05263157894736842,0.09090909090909091,0.14285714285714285
1018,0.3333333333333333,0.5,0.5
1019,0.2,0.25,0.25
102,0.5,1.0,1.0
1020,0.14285714285714285,0.1,0.1
1021,0.05,0.2,0.2
1022,0.0,0.0,0.0
1023,0.5,0.5,0.5
1024,0.14285714285714285,0.16666666666666666,0.16666666666666666
1025,1.0,1.0,1.0
1026,0.09090909090909091,0.1111111111111111,0.1111111111111111
1027,0.0,0.0,0.0
1028,0.3333333333333333,0.25,0.25
1029,0.0,0.0,0.0
103,0.16666666666666666,0.06666666666666667,0.06666666666666667
1030,0.08333333333333333,0.08333333333333333,0.08333333333333333
1031,0.2,0.25,0.25
1032,0.16666666666666666,0.1111111111111111,0.1111111111111111
1033,0.0,0.0,0.0
1034,0.0,0.0,0.0
1035,0.5,0.25,0.25
1036,0.25,0.5,0.5
1037,0.5,0.0625,0.5
1038,0.0,0.0,0.0
1039,0.25,0.25,0.25
104,0.0625,0.1111111111111111,0.1111111111111111
1040,0.25,0.25,0.25
1041,0.0,0.0,0.0
1042,0.0,0.0,0.0
1043,0.0,0.0,0.0
1044,0.3333333333333333,0.5,0.3333333333333333
1045,0.5,0.5,0.5
1046,0.2,0.09090909090909091,0.09090909090909091
1047,0.07142857142857142,0.14285714285714285,0.2
1048,0.0,0.0,0.0
1049,0.0,0.0,0.0
105,0.08333333333333333,0.07142857142857142,0.07142857142857142
1050,0.0,0.0,0.0
1051,1.0,1.0,1.0
1052,1.0,1.0,1.0
1053,0.5,0.5,0.5
1054,0.16666666666666666,0.16666666666666666,0.16666666666666666
1055,0.0,0.0,0.0
1056,0.125,0.5,0.125
1057,0.5,0.25,0.25
1058,0.14285714285714285,0.5,0.5
1059,0.0,0.0,0.0
106,0.0,0.0,0.0
1060,0.0,0.0,0.0
1061,0.0,0.0,0.0
1062,0.1,0.16666666666666666,0.16666666666666666
1063,0.0,0.0,0.0
1064,0.25,0.3333333333333333,0.3333333333333333
1065,0.0,0.0,0.0
1066,0.3333333333333333,0.5,0.5
1067,1.0,0.25,0.2
1068,0.25,0.1,0.1
1069,0.0,0.0,0.0
107,0.0,0.0,0.0
1070,0.08333333333333333,0.07142857142857142,0.07142857142857142
1071,0.0,0.0,0.0
1072,0.3333333333333333,0.3333333333333333,0.3333333333333333
1073,0.0,0.0,0.0
1074,0.06666666666666667,0.058823529411764705,0.058823529411764705
1075,0.0,0.0,0.0
1076,1.0,1.0,1.0
1077,0.16666666666666666,0.2,0.2
1078,0.0,0.0,0.0
1079,0.0,0.0,0.0
108,0.0,0.0,0.0
1080,0.5,0.5,0.5
1081,0.0,0.0,0.0
1082,1.0,0.5,0.5
1083,0.3333333333333333,1.0,1.0
1084,0.25,0.3333333333333333,0.3333333333333333
1085,0.3333333333333333,0.3333333333333333,0.3333333333333333
1086,0.07142857142857142,0.1,0.125
1087,0.14285714285714285,0.5,0.5
1088,0.0,0.0,0.0
1089,0.0,0.0,0.0
109,1.0,1.0,1.0
1090,0.5,0.5,0.5
1091,0.14285714285714285,0.14285714285714285,0.14285714285714285
1092,0.0,0.0,0.0
1093,0.2,0.2,0.2
1094,0.5,0.5,0.5
1095,1.0,1.0,1.0
1096,0.0,0.0,0.0
1097,1.0,1.0,1.0
1098,0.3333333333333333,0.3333333333333333,0.3333333333333333
1099,0.5,0.5,0.5
11,0.3333333333333333,0.2,0.2
110,0.0,0.0,0.0
1100,0.0,0.0,0.0
1101,1.0,0.5,0.5
1102,0.06666666666666667,0.14285714285714285,0.14285714285714285
1103,1.0,1.0,1.0
1104,1.0,1.0,1.0
1105,1.0,1.0,1.0
1106,0.125,0.125,0.125
1107,0.07142857142857142,0.05555555555555555,0.05555555555555555
1108,0.3333333333333333,1.0,0.3333333333333333
1109,0.0,0.0,0.0
111,0.16666666666666666,0.5,0.5
1110,0.1111111111111111,0.16666666666666666,0.16666666666666666
1111,0.07692307692307693,0.058823529411764705,0.058823529411764705
1112,0.5,0.5,0.5
1113,0.25,0.25,0.25
1114,0.2,0.25,0.25
1115,1.0,1.0,1.0
1116,0.3333333333333333,0.3333333333333333,0.3333333333333333
1117,0.0,0.0,0.0
1118,0.0,0.0,0.0
1119,0.2,0.3333333333333333,0.3333333333333333
112,0.14285714285714285,0.14285714285714285,0.14285714285714285
1120,0.0,0.0,0.0
1121,0.5,0.5,0.3333333333333333
1122,0.3333333333333333,0.25,0.25
1123,0.0,0.0,0.0
1124,0.5,0.25,0.14285714285714285
1125,1.0,0.16666666666666666,0.16666666666666666
1126,0.0,0.0,0.0
1127,0.0625,0.0625,0.0625
1128,0.25,0.25,0.25
1129,1.0,1.0,1.0
113,0.07692307692307693,0.1111111111111111,0.14285714285714285
1130,1.0,1.0,1.0
1131,1.0,0.5,0.5
1132,0.5,0.5,0.5
1133,0.05555555555555555,0.05555555555555555,0.05555555555555555
1134,0.14285714285714285,0.2,0.14285714285714285
1135,0.3333333333333333,0.3333333333333333,0.3333333333333333
1136,0.0,0.0,0.0
1137,0.0,0.0,0.0
1138,0.5,0.3333333333333333,0.25
1139,0.5,0.5,0.5
114,0.0,0.0,0.0
1140,0.0,0.0,0.0
1141,0.5,0.25,0.5
1142,0.3333333333333333,0.3333333333333333,0.3333333333333333
1143,0.5,0.5,0.5
1144,1.0,1.0,1.0
1145,1.0,1.0,1.0
1146,0.0,0.0,0.0
1147,0.25,0.25,0.25
1148,0.08333333333333333,0.3333333333333333,0.3333333333333333
1149,0.5,1.0,1.0
115,0.0,0.0,0.0
1150,0.0,0.0,0.0
1151,0.0,0.0,0.0
1152,0.0,0.0,0.0
1153,0.2,0.25,0.25
1154,1.0,1.0,1.0
1155,0.0,0.0,0.0
1156,0.0,0.0,0.0
1157,0.07692307692307693,0.07692307692307693,0.07692307692307693
1158,0.1,0.1,0.1
1159,0.0625,0.05263157894736842,0.0625
116,0.0,0.0,0.0
1160,0.0,0.0,0.0
1161,1.0,0.5,0.5
1162,0.3333333333333333,0.3333333333333333,0.3333333333333333
1163,0.2,0.25,0.25
1164,1.0,1.0,1.0
1165,0.5,0.5,0.5
1166,0.2,0.2,0.2
1167,0.0,0.0,0.0
1168,0.3333333333333333,0.3333333333333333,0.3333333333333333
1169,0.5,0.5,0.5
117,1.0,0.5,0.5
1170,0.25,0.25,0.25
1171,0.0,0.0,0.0
1172,0.0,0.0,0.0
1173,0.5,1.0,1.0
1174,0.5,0.5,0.5
1175,1.0,0.3333333333333333,0.3333333333333333
1176,0.5,0.5,0.5
1177,0.07692307692307693,0.06666666666666667,0.07692307692307693
1178,0.09090909090909091,0.125,0.125
1179,0.0,0.0,0.0
118,1.0,0.5,1.0
1180,1.0,0.5,0.5
1181,0.0,0.0,0.0
1182,0.25,0.3333333333333333,0.3333333333333333
1183,0.09090909090909091,0.06666666666666667,0.09090909090909091
1184,0.05263157894736842,0.05263157894736842,0.05263157894736842
1185,0.0,0.0,0.0
1186,1.0,0.5,0.5
1187,0.16666666666666666,0.16666666666666666,0.16666666666666666
1188,0.1,0.3333333333333333,0.3333333333333333
1189,1.0,1.0,1.0
119,1.0,1.0,1.0
1190,0.0,0.0,0.0
1191,1.0,0.16666666666666666,0.16666666666666666
1192,1.0,1.0,1.0
1193,1.0,1.0,1.0
1194,0.0,0.0,0.0
1195,1.0,1.0,1.0
1196,0.5,1.0,1.0
1197,0.0,0.0,0.0
1198,0.0,0.0,0.0
1199,0.07142857142857142,0.2,0.07142857142857142
12,0.2,0.3333333333333333,0.2
120,1.0,1.0,1.0
1200,1.0,1.0,1.0
1201,1.0,1.0,1.0
1202,0.07142857142857142,0.25,0.25
1203,0.0,0.0,0.0
1204,1.0,1.0,1.0
1205,1.0,1.0,1.0
1206,0.5,0.5,0.5
1207,0.3333333333333333,0.3333333333333333,0.3333333333333333
1208,0.14285714285714285,0.14285714285714285,0.14285714285714285
1209,0.0,0.0,0.0
121,0.0,0.0,0.0
1210,1.0,1.0,1.0
1211,0.0,0.0,0.0
1212,0.0,0.0,0.0
1213,0.5,0.5,0.5
1214,0.0,0.0,0.0
1215,0.3333333333333333,0.1111111111111111,0.1111111111111111
1216,0.25,0.25,0.25
1217,0.14285714285714285,0.1111111111111111,0.14285714285714285
1218,0.0,0.0,0.0
1219,1.0,1.0,1.0
122,0.125,0.5,0.5
1220,0.0625,0.058823529411764705,0.0625
1221,0.0,0.0,0.0
1222,0.2,0.2,0.2
1223,0.05,0.25,0.25
1224,1.0,1.0,1.0
1225,0.0625,0.058823529411764705,0.0625
1226,0.14285714285714285,0.125,0.125
1227,0.5,0.5,0.5
1228,0.0,0.0,0.0
1229,0.125,0.2,0.2
123,0.5,0.5,0.5
1230,0.05555555555555555,0.1111111111111111,0.1111111111111111
1231,0.5,0.3333333333333333,0.3333333333333333
1232,0.16666666666666666,0.16666666666666666,0.16666666666666666
1233,0.07692307692307693,0.2,0.2
1234,1.0,1.0,1.0
1235,0.3333333333333333,1.0,1.0
1236,0.5,1.0,1.0
1237,0.0,0.0,0.0
1238,0.07142857142857142,0.058823529411764705,0.058823529411764705
1239,0.0,0.0,0.0
124,1.0,1.0,1.0
1240,0.5,0.2,0.2
1241,1.0,0.3333333333333333,0.3333333333333333
1242,0.0,0.0,0.0
1243,0.0,0.0,0.0
1244,0.0,0.0,0.0
1245,0.125,0.3333333333333333,0.3333333333333333
1246,1.0,1.0,1.0
1247,0.14285714285714285,0.06666666666666667,0.0625
1248,0.05555555555555555,0.05263157894736842,0.05263157894736842
1249,1.0,1.0,1.0
125,0.0,0.0,0.0
1250,0.2,0.3333333333333333,0.3333333333333333
1251,0.5,1.0,1.0
1252,0.16666666666666666,0.1,0.1
1253,0.07692307692307693,0.1111111111111111,0.125
1254,0.0,0.0,0.0
1255,0.25,0.3333333333333333,0.3333333333333333
1256,0.08333333333333333,0.058823529411764705,0.058823529411764705
1257,1.0,1.0,1.0
1258,0.0,0.0,0.0
1259,0.0,0.0,0.0
126,0.0,0.0,0.0
1260,0.1111111111111111,0.3333333333333333,0.3333333333333333
1261,0.5,0.16666666666666666,0.16666666666666666
1262,0.1111111111111111,0.1111111111111111,0.1111111111111111
1263,0.09090909090909091,0.25,0.09090909090909091
1264,0.25,0.5,0.5
1265,0.3333333333333333,0.3333333333333333,0.3333333333333333
1266,0.0,0.0,0.0
1267,0.3333333333333333,0.3333333333333333,0.3333333333333333
