qid,granite_dense,granite_small_dense,bm25,st_dense,gte_dense,e5_dense,bge_dense,hybrid_granite_bm25,hybrid_granite_small_bm25,granite_rerank,granite_small_rerank,hybrid_granite_bm25_rerank
10034,1.0,1.0,0.0,1.0,1.0,1.0,1.0,0.5,0.6309297535714575,1.0,1.0,1.0
10039,0.0,0.0,0.0,0.0,0.0,0.0,0.0,0.0,0.0,0.0,0.0,0.0
10109,0.3065735963827292,0.6131471927654584,0.0,0.6131471927654584,0.6131471927654584,0.6131471927654584,0.6131471927654584,0.18457569677956817,0.19342640361727081,0.2640681225725909,0.2640681225725909,0.23719771276929622
10122,0.20438239758848611,0.0,0.7903864795495061,0.0,0.0,0.2640681225725909,0.3065735963827292,0.5109559939712153,0.46845052016107697,0.0,0.0,0.0
10136,0.6131471927654584,0.6131471927654584,0.6131471927654584,0.3065735963827292,0.6131471927654584,0.6131471927654584,0.6131471927654584,0.6131471927654584,0.6131471927654584,0.6131471927654584,0.6131471927654584,0.6131471927654584
10137,0.43067655807339306,0.0,0.0,0.3010299956639812,0.0,0.3333333333333333,0.0,0.3333333333333333,0.0,0.0,0.0,0.0
10152,0.48247555939075504,0.20438239758848611,0.21840743681816419,0.0,0.0,0.0,0.0,0.6131471927654584,0.23719771276929622,0.5012658353418871,0.5012658353418871,0.5012658353418871
10183,0.6309297535714575,0.0,1.0,0.2890648263178879,0.2890648263178879,0.0,0.2890648263178879,1.0,0.43067655807339306,0.2890648263178879,0.3010299956639812,0.2890648263178879
10213,1.0,1.0,0.0,1.0,1.0,1.0,0.6309297535714575,0.38685280723454163,0.3333333333333333,1.0,1.0,1.0
10246,0.3973220069685352,0.592512031964586,0.0,0.44149241373678083,0.32531670832675136,0.3638184934971571,0.3191471544989227,0.2856436410275446,0.407591902495008,0.3853585682515056,0.5085097626218706,0.32531670832675136
10267,1.0,0.5,0.38685280723454163,1.0,0.5,0.43067655807339306,0.5,0.5,0.5,1.0,1.0,1.0
104,1.0,0.8772153153380493,0.8315546295836225,1.0,0.8772153153380493,1.0,0.8315546295836225,1.0,0.9197207891481876,1.0,1.0,1.0
10414,0.0,0.0,0.0,0.0,0.0,0.0,0.0,0.0,0.0,0.0,0.0,0.0
10447,0.3562071871080222,0.0,0.0,0.6309297535714575,0.0,1.0,0.3562071871080222,0.0,0.0,0.0,0.0,0.0
10462,0.6052602440527057,0.5802792108518124,0.5437713091520254,0.46845052016107697,0.5912352048230277,0.5249810332008933,0.6509209298071326,0.6509209298071326,0.6509209298071326,0.5437713091520254,0.5437713091520254,0.5437713091520254
10482,0.3010299956639812,0.0,0.0,0.31546487678572877,0.0,0.0,0.0,0.0,0.0,0.0,0.0,0.0
10497,0.0,0.3010299956639812,0.0,0.0,0.0,0.5,0.0,0.0,0.0,0.2890648263178879,0.0,0.0
10526,0.38685280723454163,0.6309297535714575,1.0,0.0,0.6309297535714575,1.0,1.0,0.5,1.0,0.5,0.5,0.5
10547,1.0,1.0,0.6131471927654584,0.7903864795495061,1.0,0.8315546295836225,1.0,0.8315546295836225,0.8175295903539445,1.0,1.0,1.0
10558,0.20210734650054757,0.2960819109658652,0.0,0.6713860725233041,0.2960819109658652,0.6105456988825855,0.23463936301137822,0.1480409554829326,0.16716045496620227,0.7653606369886217,0.7653606369886217,0.7653606369886217
10596,0.0,0.0,0.0,0.0,0.0,0.0,0.0,0.0,0.0,0.0,0.0,0.0
106,0.18154179253735267,0.20210734650054757,0.15642624200758548,0.20210734650054757,0.0,0.18154179253735267,0.13565197343244778,0.2960819109658652,0.2960819109658652,0.18154179253735267,0.18154179253735267,0.20210734650054757
10601,0.6364391809889587,0.7653606369886217,0.13565197343244778,0.46927872602275644,0.6049306994552042,0.46927872602275644,0.16716045496620227,0.3228087653971817,0.37590633587120725,0.6049306994552042,0.6049306994552042,0.6049306994552042
10628,0.6131471927654584,0.6131471927654584,0.0,0.2640681225725909,0.6131471927654584,0.17723928678404774,0.2640681225725909,0.3065735963827292,0.38685280723454163,0.6131471927654584,0.6131471927654584,0.6131471927654584
10639,1.0,0.43067655807339306,0.38685280723454163,0.5,0.6309297535714575,0.3562071871080222,0.5,0.6309297535714575,0.5,0.6309297535714575,0.6309297535714575,0.6309297535714575
10645,0.6309297535714575,0.6309297535714575,0.43067655807339306,0.6309297535714575,0.43067655807339306,0.0,0.6309297535714575,1.0,0.6309297535714575,0.3333333333333333,0.3333333333333333,0.3562071871080222
10674,0.8503449055347546,0.5802792108518124,0.6131471927654584,0.5012658353418871,0.6934264036172708,0.38685280723454163,0.42177340954886444,0.6131471927654584,0.6131471927654584,0.3065735963827292,0.2640681225725909,0.3065735963827292
10710,0.8451850618939637,0.4632423659320675,0.6364391809889587,0.2960819109658652,0.2960819109658652,0.46927872602275644,0.2960819109658652,0.8519590445170673,0.7039180890341347,0.8072467605676945,0.8072467605676945,0.7988614740430418
10734,0.0,0.0,0.0,0.0,0.0,0.0,0.0,0.0,0.0,0.0,0.0,0.0
1074,1.0,1.0,0.43067655807339306,0.6309297535714575,1.0,1.0,1.0,1.0,1.0,1.0,0.6309297535714575,0.6309297535714575
10792,0.18154179253735267,0.0,0.0,0.0,0.1480409554829326,0.15642624200758548,0.16716045496620227,0.0,0.0,0.0,0.0,0.0
10808,0.38685280723454163,0.0,0.0,0.0,0.0,0.0,0.0,0.0,0.0,0.43067655807339306,0.43067655807339306,0.43067655807339306
10809,0.9060254355346823,0.2960819109658652,1.0,0.34870224750355494,0.7653606369886217,0.46927872602275644,0.7653606369886217,1.0,0.9674679834891693,1.0,1.0,1.0
10812,0.0,0.0,0.0,0.0,0.0,0.0,0.0,0.0,0.0,0.0,0.0,0.0
10827,0.3065735963827292,0.0,0.0,0.6131471927654584,0.6131471927654584,0.6131471927654584,0.6131471927654584,0.19342640361727081,0.0,0.19342640361727081,0.18457569677956817,0.19342640361727081
10845,0.0,0.0,0.16716045496620227,0.0,0.23463936301137822,0.0,0.0,0.0,0.2960819109658652,0.0,0.0,0.1480409554829326
1085,1.0,1.0,1.0,1.0,0.6309297535714575,0.38685280723454163,0.3333333333333333,1.0,1.0,1.0,1.0,1.0
109,0.0,0.0,0.0,0.0,0.0,0.0,0.0,0.0,0.0,0.0,0.0,0.0
1090,1.0,1.0,0.0,1.0,1.0,1.0,1.0,0.3333333333333333,0.3562071871080222,1.0,1.0,1.0
10912,1.0,1.0,0.0,1.0,1.0,1.0,1.0,0.43067655807339306,0.43067655807339306,1.0,1.0,1.0
10932,0.24630238874073,0.0,0.0,0.0,0.0,0.0,0.19519002499605084,0.13905617951077562,0.0,0.0,0.0,0.0
10975,0.0,0.23719771276929622,0.0,0.0,0.0,0.0,0.0,0.0,0.17723928678404774,0.0,0.0,0.0
10979,0.0,0.0,0.0,0.0,0.0,0.0,0.0,0.0,0.0,0.0,0.0,0.0
10994,0.6131471927654584,0.6131471927654584,0.7903864795495061,0.5912352048230277,0.8065735963827293,0.7977228895450266,0.8065735963827293,0.8175295903539445,0.8065735963827293,0.8503449055347546,0.8503449055347546,0.8503449055347546
11039,0.5706417189553201,0.6509209298071326,0.0,0.6934264036172708,0.8315546295836225,0.6052602440527057,1.0,0.40298313359773236,0.448643819352159,0.6131471927654584,0.6131471927654584,0.6131471927654584
11054,0.5,0.0,0.6309297535714575,0.0,0.0,0.6309297535714575,0.3010299956639812,0.6309297535714575,0.3562071871080222,0.0,0.0,0.0
11088,0.3903800499921017,0.3903800499921017,0.3903800499921017,0.3903800499921017,0.3903800499921017,0.3903800499921017,0.3903800499921017,0.3903800499921017,0.3903800499921017,0.3903800499921017,0.3903800499921017,0.3903800499921017
1150,0.6713860725233041,0.38364913903790027,0.0,0.4367467095119258,0.4776237035032179,0.46927872602275644,0.43734888382569426,0.34337431936037655,0.13565197343244778,0.5307212739772434,0.5307212739772434,0.5307212739772434
1157,0.7653606369886217,0.7653606369886217,0.7653606369886217,0.7653606369886217,0.7653606369886217,0.7653606369886217,0.7653606369886217,0.7653606369886217,0.7653606369886217,0.7653606369886217,0.7653606369886217,0.7653606369886217
1159,0.23599633571930026,0.592512031964586,0.5585075862632192,0.5585075862632192,0.5585075862632192,0.39866240631493294,0.5078961547485289,0.33424620450682646,0.5585075862632192,0.7773960039392073,0.7773960039392073,0.7773960039392073
1198,0.14606834984270645,0.16958010263680806,0.11305340175787204,0.30078518014914984,0.31608365985743925,0.10209739512291163,0.13120507751234178,0.4412576003965278,0.2716774977597197,0.5531464700081437,0.5531464700081437,0.5531464700081437
1230,0.18154179253735267,0.6508205185601091,0.46927872602275644,0.6713860725233041,0.6508205185601091,0.46927872602275644,0.6508205185601091,0.46927872602275644,0.6105456988825855,0.46927872602275644,0.46927872602275644,0.46927872602275644
1281,0.0,0.0,0.0,0.0,0.0,0.0,0.0,0.0,0.0,0.0,0.0,0.0
1284,0.31546487678572877,0.38685280723454163,0.2890648263178879,1.0,1.0,0.0,1.0,0.43067655807339306,0.5,0.0,0.2890648263178879,0.0
1297,0.0,0.0,0.19342640361727081,0.0,0.0,0.0,0.19342640361727081,0.3065735963827292,0.3065735963827292,0.21840743681816419,0.21840743681816419,0.23719771276929622
1306,0.5,1.0,0.38685280723454163,1.0,1.0,1.0,1.0,0.5,0.6309297535714575,1.0,1.0,1.0
1309,0.19092086617893467,0.13032376591037062,0.0,0.15130120674940672,0.27839258028034286,0.4123370353127634,0.20815499636142162,0.10778915452451093,0.09109240322345806,0.23877292085081492,0.23877292085081492,0.23877292085081492
1310,0.2890648263178879,0.2890648263178879,0.0,0.31546487678572877,0.5,1.0,0.5,0.0,0.0,0.0,0.0,0.0
1321,1.0,0.9349366583346498,0.9828920819566879,1.0,1.0,1.0,0.9828920819566879,1.0,1.0,1.0,1.0,1.0
1322,0.38685280723454163,0.5,0.6309297535714575,0.0,0.0,0.43067655807339306,0.0,1.0,1.0,0.38685280723454163,0.3562071871080222,0.3562071871080222
1391,0.7668091220635322,0.7246262544989281,0.123151194370365,0.5413996682199069,0.787702056960637,0.7246262544989281,0.7365896932159578,0.24630238874073,0.19519002499605084,0.6366824387328317,0.6366824387328317,0.6366824387328317
1393,1.0,1.0,1.0,1.0,1.0,1.0,1.0,1.0,1.0,1.0,1.0,1.0
1415,0.0,0.0,0.0,0.0,0.0,0.0,0.0,0.0,0.0,0.0,0.0,0.0
1416,1.0,0.8175295903539445,0.2640681225725909,0.6131471927654584,0.8772153153380493,0.19342640361727081,0.9197207891481876,0.8503449055347546,0.8772153153380493,1.0,1.0,1.0
1441,0.0,0.0,0.0,0.3333333333333333,0.0,0.0,0.0,0.0,0.0,0.0,0.0,0.0
1451,1.0,1.0,1.0,1.0,1.0,1.0,1.0,1.0,1.0,1.0,1.0,1.0
1469,0.5,0.6309297535714575,0.0,1.0,1.0,1.0,1.0,0.3562071871080222,0.38685280723454163,1.0,1.0,1.0
15,1.0,1.0,0.0,0.5,0.43067655807339306,0.3010299956639812,0.2890648263178879,0.6309297535714575,0.43067655807339306,1.0,1.0,1.0
1530,0.5773584151532217,0.6843515475204855,0.10209739512291163,0.4599715079731103,0.6843515475204855,0.616868840006589,0.6548086577531307,0.3120255505658846,0.39248880045921386,0.36005461457723403,0.36005461457723403,0.36005461457723403
1670,0.8529278650606567,0.9060254355346823,0.23463936301137822,0.8385465274895063,0.7653606369886217,0.7122630665145961,0.8451850618939637,0.5881601264058984,0.7529716549381369,0.34870224750355494,0.34870224750355494,0.34870224750355494
1676,0.38685280723454163,0.0,0.0,0.0,0.0,0.0,0.0,0.0,0.0,0.0,0.0,0.0
1736,0.20210734650054757,0.0,0.2960819109658652,0.0,0.3044671974905181,0.20210734650054757,0.15642624200758548,0.20210734650054757,0.18154179253735267,0.0,0.0,0.0
1748,0.45379693233402824,0.5845904686910707,0.0,0.6065956724622847,0.35256832412172806,0.3601191202437057,0.47226549742325,0.2795962051779312,0.27050515530277414,0.4512861809029252,0.367048613489692,0.4512861809029252
1783,1.0,0.8315546295836225,0.0,1.0,1.0,0.45560514958746035,1.0,0.48247555939075504,0.23719771276929622,0.38685280723454163,0.38685280723454163,0.38685280723454163
18,0.3108658234453849,0.41231449937143627,0.3932591258696538,0.5186511804016661,0.3108658234453849,0.38972337529357015,0.41231449937143627,0.4483039899025303,0.4483039899025303,0.2918104499436024,0.2918104499436024,0.2918104499436024
1812,0.0,0.0,0.0,0.0,0.0,0.0,0.0,0.0,0.0,0.0,0.0,0.0
1815,0.3171937659698004,0.15642624200758548,0.0,0.2960819109658652,0.15642624200758548,0.0,0.15642624200758548,0.13565197343244778,0.0,0.2960819109658652,0.20210734650054757,0.2960819109658652
1819,0.6309297535714575,0.0,0.0,0.0,0.3562071871080222,0.6309297535714575,0.3333333333333333,0.3010299956639812,0.0,0.0,0.0,0.0
1824,0.0,0.3010299956639812,0.5,0.0,0.3010299956639812,0.31546487678572877,0.0,0.43067655807339306,0.6309297535714575,0.5,0.5,0.6309297535714575
1826,0.0,0.0,0.0,0.0,0.0,0.3706656904013186,0.0,0.0,0.0,0.0,0.0,0.0
1832,0.6238470455881188,0.561692774772731,0.15130120674940672,0.41966500663677697,0.3422220729283414,0.3212446320893053,0.6105858728157117,0.5709662133861837,0.5337936505754552,0.5943907508440193,0.5943907508440193,0.5943907508440193
1871,0.9860433320650158,0.8950513976905917,0.5390031312763821,0.9098999913476323,1.0,0.9933222998814617,0.8301054527851841,0.8053706965939337,0.7322538581500236,0.9888026041880242,0.8219345592466819,0.9888026041880242
1877,0.8175295903539445,0.6131471927654584,0.38685280723454163,0.0,0.8772153153380493,0.8315546295836225,0.8772153153380493,0.6131471927654584,0.6131471927654584,0.6131471927654584,0.6131471927654584,0.6131471927654584
1889,0.5412163092689025,0.3259735800334642,0.1482972305701491,0.23504554941448536,0.23504554941448536,0.23504554941448536,0.23504554941448536,0.33627415762678553,0.3259735800334642,0.5792140711633723,0.5716213154129578,0.5792140711633723
1915,0.6131471927654584,0.6131471927654584,0.0,0.38685280723454163,0.6131471927654584,0.6131471927654584,0.38685280723454163,0.23719771276929622,0.21840743681816419,0.38685280723454163,0.38685280723454163,0.38685280723454163
1920,0.6052602440527057,1.0,0.6131471927654584,0.6131471927654584,0.9197207891481876,1.0,1.0,0.8315546295836225,0.8175295903539445,1.0,1.0,1.0
1933,1.0,0.43067655807339306,0.0,0.6309297535714575,0.43067655807339306,0.0,0.31546487678572877,0.3010299956639812,0.2890648263178879,0.6309297535714575,0.6309297535714575,0.6309297535714575
1948,0.7903864795495061,0.7977228895450266,0.6131471927654584,0.6131471927654584,0.8503449055347546,0.2640681225725909,0.8503449055347546,0.6131471927654584,0.6131471927654584,0.6131471927654584,0.6131471927654584,0.6131471927654584
1994,0.7653606369886217,0.7653606369886217,0.23463936301137822,0.6508205185601091,0.6713860725233041,0.46927872602275644,0.6257049680303419,0.6257049680303419,0.617319681505689,0.7928654229965442,0.7928654229965442,0.7928654229965442
2010,0.3882251478215036,0.17947710508581735,0.22009176629808017,0.11004588314904008,0.38363315291837646,0.08514311764162098,0.22009176629808017,0.3843113526044082,0.22009176629808017,0.6987957033953602,0.7019727018777485,0.696162268139923
2051,0.9933222998814617,0.9156857657441143,0.46047467141697823,0.9202054614375518,0.9202054614375518,0.9918291064614978,0.9202054614375518,0.7971998030554314,0.6193198671454698,0.9098999913476323,0.9098999913476323,0.9098999913476323
2070,0.6131471927654584,0.6131471927654584,0.6131471927654584,0.6131471927654584,0.6131471927654584,0.6131471927654584,0.6131471927654584,0.6131471927654584,0.6131471927654584,0.6131471927654584,0.6131471927654584,0.6131471927654584
2075,0.6309297535714575,0.0,0.0,0.3333333333333333,0.3333333333333333,0.0,0.5,0.3010299956639812,0.0,0.38685280723454163,0.3562071871080222,0.38685280723454163
2076,0.6131471927654584,0.6131471927654584,0.6131471927654584,0.6131471927654584,0.6131471927654584,0.6131471927654584,0.6131471927654584,0.6131471927654584,0.6131471927654584,0.6131471927654584,0.6131471927654584,0.6131471927654584
2088,0.6309297535714575,1.0,0.31546487678572877,1.0,1.0,1.0,1.0,0.6309297535714575,0.6309297535714575,1.0,1.0,1.0
2108,0.0,0.5,0.0,0.0,0.43067655807339306,0.0,0.38685280723454163,0.0,0.3333333333333333,0.0,0.0,0.0
2118,0.0,0.1208113026994942,0.0,0.10209739512291163,0.0,0.0,0.0,0.0,0.0,0.09803928583135704,0.1208113026994942,0.09803928583135704
2154,1.0,1.0,0.31546487678572877,1.0,1.0,1.0,1.0,1.0,1.0,1.0,1.0,1.0
2181,0.6257049680303419,0.7653606369886217,0.0,0.46927872602275644,0.20210734650054757,0.46927872602275644,0.49818925746641285,0.20210734650054757,0.4367467095119258,0.7039180890341347,0.7039180890341347,0.7039180890341347
2183,0.19519002499605084,0.16812753627111746,0.3903800499921017,0.0,0.0,0.0,0.0,0.2741708125981702,0.2638647595767405,0.13012668333070054,0.13012668333070054,0.13905617951077562
2204,0.9709286432396583,0.876848805629635,0.3903800499921017,1.0,0.5805485932475565,0.6713527276121545,0.7365896932159578,0.6380228380792293,0.6436579276931672,0.8927537907700456,0.8927537907700456,0.8927537907700456
2264,0.6266432627014137,0.5857421563596757,0.27487633291429087,0.41231449937143627,0.28370668581296504,0.11838279295536291,0.2918104499436024,0.36650177721905447,0.4728384582492843,0.5277610693352978,0.5277610693352978,0.5277610693352978
2296,0.0,0.3010299956639812,0.0,0.0,0.0,0.0,0.0,0.0,0.0,0.0,0.0,0.0
2306,1.0,1.0,1.0,1.0,1.0,1.0,1.0,1.0,1.0,1.0,1.0,1.0
2316,1.0,0.9469024295259745,0.0,1.0,1.0,1.0,1.0,0.5931729515195112,0.38364913903790027,0.7328286204777911,0.7328286204777911,0.7328286204777911
2318,0.0,0.0,0.0,0.0,0.0,0.0,0.0,0.0,0.0,0.0,0.0,0.0
2330,0.0,0.1480409554829326,0.0,0.0,0.20210734650054757,0.0,0.16716045496620227,0.0,0.0,0.0,0.0,0.0
2334,1.0,0.0,0.0,1.0,1.0,0.5,1.0,0.6309297535714575,0.0,1.0,1.0,1.0
2348,0.0,0.0,0.0,0.0,0.43067655807339306,0.0,0.43067655807339306,0.0,0.0,0.6309297535714575,1.0,0.5
2376,0.6309297535714575,0.3562071871080222,0.0,0.38685280723454163,0.3562071871080222,0.31546487678572877,0.38685280723454163,0.3562071871080222,0.0,0.38685280723454163,0.38685280723454163,0.38685280723454163
2383,0.6366824387328317,0.5855700749881525,0.5032251913410369,0.6366824387328317,0.6366824387328317,0.6366824387328317,0.6366824387328317,0.5585075862632192,0.5585075862632192,0.5585075862632192,0.6713527276121545,0.5413996682199069
2384,0.6131471927654584,0.6131471927654584,0.0,0.6131471927654584,0.38685280723454163,0.0,0.21840743681816419,0.2640681225725909,0.38685280723454163,0.3065735963827292,0.3065735963827292,0.3065735963827292
2385,0.9469024295259745,1.0,0.0,0.7328286204777911,1.0,1.0,1.0,0.6132756769356656,0.8529278650606567,0.9469024295259745,1.0,0.9469024295259745
2388,0.4555352795695787,0.5039399436761999,0.08274602130532002,0.6413544994268799,0.510227424721404,0.6013972017069862,0.3932591258696538,0.27487633291429087,0.3576223542196109,0.3727892582642586,0.3727892582642586,0.3727892582642586
2395,0.644824486427155,0.3041170587802494,0.0,0.19092086617893467,0.32920532365833965,0.15130120674940672,0.21793006430423467,0.31594415088593253,0.0,0.0874717141014082,0.18293214719087553,0.0874717141014082
2398,0.2960819109658652,0.6508205185601091,0.7039180890341347,0.46927872602275644,0.7653606369886217,0.7653606369886217,0.7653606369886217,0.7653606369886217,0.7653606369886217,0.7653606369886217,0.7653606369886217,0.7653606369886217
2399,1.0,1.0,0.5,0.6309297535714575,1.0,0.5,1.0,1.0,0.6309297535714575,1.0,1.0,1.0
2400,0.9010126104210695,0.9217868789962071,0.2960819109658652,0.38364913903790027,0.5307212739772434,0.46927872602275644,0.7039180890341347,0.6713860725233041,0.6508205185601091,1.0,1.0,1.0
2407,0.6049306994552042,0.46927872602275644,0.0,0.6105456988825855,0.46927872602275644,0.6508205185601091,0.46927872602275644,0.2960819109658652,0.23463936301137822,0.46927872602275644,0.46927872602275644,0.46927872602275644
2416,0.34337431936037655,0.1480409554829326,0.23463936301137822,0.18154179253735267,0.46927872602275644,0.46927872602275644,0.7988614740430418,0.6105456988825855,0.2960819109658652,0.6797310500037655,0.6447841584694202,0.6797310500037655
2423,0.6509209298071326,0.18457569677956817,0.0,0.21840743681816419,0.38685280723454163,0.3065735963827292,0.3065735963827292,0.18457569677956817,0.0,0.6131471927654584,0.6131471927654584,0.6131471927654584
2443,0.0,0.0,0.0,0.0,0.18457569677956817,0.0,0.21840743681816419,0.0,0.0,0.0,0.0,0.0
2445,1.0,1.0,1.0,0.6309297535714575,1.0,1.0,1.0,1.0,1.0,1.0,1.0,1.0
2460,0.6309297535714575,0.43067655807339306,0.0,0.38685280723454163,1.0,0.3562071871080222,0.38685280723454163,0.3562071871080222,0.2890648263178879,0.6309297535714575,0.6309297535714575,0.6309297535714575
2465,0.2529427027676571,0.0,0.0,0.0,0.15958907712489634,0.0,0.09010000865236768,0.10893649261775588,0.0,0.2529427027676571,0.2529427027676571,0.2529427027676571
2472,1.0,1.0,1.0,1.0,1.0,1.0,1.0,1.0,1.0,1.0,1.0,1.0
2486,0.0,0.23719771276929622,0.21840743681816419,0.0,0.0,0.0,0.0,0.38685280723454163,0.38685280723454163,0.2640681225725909,0.3065735963827292,0.2640681225725909
2498,0.8065735963827293,0.19342640361727081,0.2640681225725909,0.17723928678404774,0.3065735963827292,0.6131471927654584,0.3065735963827292,0.5912352048230277,0.3065735963827292,0.39564672360221187,0.21840743681816419,0.38162168437253385
2513,1.0,1.0,0.5,1.0,1.0,1.0,1.0,1.0,1.0,1.0,1.0,1.0
2516,0.6309297535714575,0.6309297535714575,0.0,1.0,0.6309297535714575,0.5,0.43067655807339306,0.43067655807339306,0.38685280723454163,1.0,1.0,1.0
2549,0.3065735963827292,0.9197207891481876,0.6131471927654584,0.8503449055347546,0.9197207891481876,0.8175295903539445,0.8503449055347546,0.8503449055347546,1.0,0.38685280723454163,0.38685280723454163,0.38685280723454163
2551,0.5277610693352978,0.27487633291429087,0.17342765698823945,0.17342765698823945,0.27134058233820724,0.26014148548235916,0.17342765698823945,0.3727892582642586,0.27487633291429087,0.27487633291429087,0.27487633291429087,0.27487633291429087
2568,0.6131471927654584,0.9197207891481876,0.6131471927654584,0.6131471927654584,0.6131471927654584,0.6131471927654584,0.6131471927654584,0.6131471927654584,0.7977228895450266,0.6131471927654584,0.6131471927654584,0.6131471927654584
2579,0.5855700749881525,0.4366632592553499,0.0,0.6975637657739948,0.8477774488692931,0.6713527276121545,0.6816587806335841,0.2741708125981702,0.11284514134893527,0.7030861797445797,0.9223260797603763,0.7030861797445797
2580,0.4144299250118475,0.6366824387328317,0.0,0.5413996682199069,0.6366824387328317,0.5135312443624667,0.44149241373678083,0.2856436410275446,0.4144299250118475,0.4144299250118475,0.44149241373678083,0.4144299250118475
2587,1.0,1.0,1.0,1.0,1.0,1.0,1.0,1.0,1.0,1.0,1.0,1.0
2589,0.0,0.0,0.0,0.0,0.0,0.0,0.0,0.0,0.0,0.0,0.0,0.0
2590,1.0,0.6309297535714575,0.0,1.0,1.0,1.0,1.0,0.6309297535714575,0.38685280723454163,1.0,1.0,1.0
2593,0.0,0.0,0.0,0.0,0.0,0.0,0.0,0.0,0.0,0.0,0.0,0.0
2598,0.31546487678572877,0.5,0.0,0.0,0.0,0.0,0.0,0.0,0.3562071871080222,0.0,0.0,0.0
26,0.3071837157818931,0.3903800499921017,0.0,0.11751610475642714,0.123151194370365,0.16812753627111746,0.13012668333070054,0.11284514134893527,0.15101961822780524,0.3903800499921017,0.3903800499921017,0.3903800499921017
2648,0.8687949224876582,0.8539316501572937,0.45221360703148816,0.4731080163351061,0.830419897363192,0.5531464700081437,0.8539316501572937,0.8200261225503443,0.7913446798877494,0.8687949224876582,0.8687949224876582,0.8687949224876582
2676,0.0,0.0,0.0,0.0,0.0,0.23719771276929622,0.0,0.0,0.0,0.0,0.0,0.0
2685,0.8772153153380493,0.5706417189553201,0.45560514958746035,0.6052602440527057,0.6934264036172708,1.0,1.0,0.6509209298071326,0.5706417189553201,0.6934264036172708,0.6934264036172708,0.6934264036172708
2695,0.46927872602275644,0.16716045496620227,0.13565197343244778,0.0,0.23463936301137822,0.2960819109658652,0.2960819109658652,0.2960819109658652,0.46927872602275644,0.20210734650054757,0.20210734650054757,0.20210734650054757
2713,0.4539036202482202,0.10778915452451093,0.09546043308946733,0.13032376591037062,0.3079834593168982,0.10086747116627115,0.09546043308946733,0.3936948167222715,0.30260241349881345,0.3936948167222715,0.3936948167222715,0.3936948167222715
2724,0.44149241373678083,0.3903800499921017,0.0,0.24630238874073,0.5135312443624667,0.5855700749881525,0.24630238874073,0.298254219601818,0.16812753627111746,0.5135312443624667,0.5205067333228022,0.5205067333228022
2737,0.3065735963827292,0.23719771276929622,0.0,0.38685280723454163,0.0,0.3065735963827292,0.2640681225725909,0.23719771276929622,0.18457569677956817,1.0,1.0,1.0
2747,0.6131471927654584,0.6131471927654584,0.0,0.6131471927654584,0.5912352048230277,0.6131471927654584,0.6131471927654584,0.21840743681816419,0.18457569677956817,0.6131471927654584,0.6131471927654584,0.6131471927654584
2749,0.38685280723454163,0.5,0.3562071871080222,0.6309297535714575,0.2890648263178879,0.38685280723454163,0.0,0.43067655807339306,0.5,0.6309297535714575,0.6309297535714575,0.6309297535714575
2790,0.44149241373678083,0.7598336331031966,0.0,0.3903800499921017,0.7668091220635322,0.34620964322385606,0.5294362295028773,0.2406672991267921,0.2303612461053624,0.5032251913410369,0.5032251913410369,0.5032251913410369
2801,1.0,1.0,0.8503449055347546,1.0,1.0,1.0,1.0,1.0,1.0,1.0,1.0,1.0
2856,0.18457569677956817,0.0,0.0,0.0,0.0,0.0,0.0,0.0,0.0,0.6131471927654584,0.6131471927654584,0.6131471927654584
2857,0.0,0.2640681225725909,0.0,0.5706417189553201,0.2640681225725909,0.6131471927654584,0.38685280723454163,0.0,0.17723928678404774,0.17723928678404774,0.17723928678404774,0.17723928678404774
2880,0.9083745556952364,0.9950883841893561,0.17342765698823945,0.8767055912339933,0.9950883841893561,0.7868709706203587,0.8104616303452685,0.7534243519427347,0.6350415589873716,1.0,1.0,1.0
2885,1.0,1.0,0.5,0.6309297535714575,1.0,1.0,1.0,0.6309297535714575,1.0,1.0,1.0,1.0
2891,0.5809949937791563,0.601312434202259,0.4935232796777481,0.4935232796777481,0.41966500663677697,0.39007412760022164,0.39007412760022164,0.6238470455881188,0.5809949937791563,0.5846156829012061,0.5943907508440193,0.5809949937791563
2895,1.0,1.0,0.0,0.38685280723454163,1.0,0.0,1.0,0.3333333333333333,0.3562071871080222,1.0,1.0,1.0
2903,0.5531464700081437,0.5531464700081437,0.5531464700081437,0.5087403079104241,0.5531464700081437,0.4371994911049732,0.5531464700081437,0.5531464700081437,0.5531464700081437,0.7227265726449519,0.7227265726449519,0.7227265726449519
2923,0.0,0.0,0.0,0.0,0.0,0.0,0.38685280723454163,0.0,0.0,0.0,0.0,0.0
2964,0.0,0.13565197343244778,0.1480409554829326,0.0,0.0,0.0,0.0,0.15642624200758548,0.16716045496620227,0.0,0.0,0.0
2968,0.3065735963827292,0.6131471927654584,0.38685280723454163,0.7977228895450266,0.38685280723454163,0.6131471927654584,0.6131471927654584,0.3065735963827292,0.6131471927654584,0.7977228895450266,0.7977228895450266,0.7977228895450266
2994,0.7903864795495061,1.0,0.6131471927654584,1.0,1.0,1.0,1.0,0.6131471927654584,0.8772153153380493,1.0,1.0,1.0
3006,0.23719771276929622,0.20438239758848611,0.0,0.0,0.0,0.0,0.0,0.17723928678404774,0.0,0.0,0.0,0.0
3008,0.7653606369886217,0.7653606369886217,0.46927872602275644,0.46927872602275644,0.46927872602275644,0.46927872602275644,0.46927872602275644,0.7039180890341347,0.7039180890341347,0.7653606369886217,0.7653606369886217,0.7653606369886217
3014,0.6366824387328317,0.6366824387328317,0.13012668333070054,0.16812753627111746,0.6366824387328317,0.6366824387328317,0.7541985434892589,0.787702056960637,0.787702056960637,0.7757386182436072,0.8885837595925424,0.7757386182436072
3033,1.0,0.6309297535714575,1.0,0.0,0.0,0.38685280723454163,0.0,1.0,1.0,0.6309297535714575,0.6309297535714575,0.6309297535714575
3039,0.0,0.0,0.0,0.0,0.0,0.09546043308946733,0.0,0.0,0.0,0.0,0.0,0.0
3049,0.5294362295028773,0.6715263515506075,0.0,0.6366824387328317,0.4144299250118475,0.5135312443624667,0.44149241373678083,0.15101961822780524,0.3080351663449861,0.5032251913410369,0.24630238874073,0.3903800499921017
3051,0.0,0.0,0.0,0.0,0.0,0.0,0.0,0.0,0.0,0.0,0.0,0.0
3067,0.49117205121962154,0.23535109180711322,0.08671382849411972,0.08671382849411972,0.3776772633684371,0.08671382849411972,0.0979129253499678,0.3727892582642586,0.3543334123470583,0.3932591258696538,0.3932591258696538,0.3932591258696538
3085,0.6309297535714575,0.38685280723454163,0.0,0.0,0.0,0.0,0.6309297535714575,0.0,0.0,1.0,1.0,1.0
3091,0.6060398578158167,0.6067795937417813,0.26687965254220064,0.5531464700081437,0.4703652827859579,0.6552438651310554,0.5531464700081437,0.36005461457723403,0.3156484524795145,0.38356636737133565,0.38356636737133565,0.38356636737133565
3103,0.11838279295536291,0.0979129253499678,0.0,0.27487633291429087,0.22471947398559278,0.18908270233554988,0.4483039899025303,0.08671382849411972,0.0,0.13743816645714543,0.13743816645714543,0.13743816645714543
3115,0.6240505200038379,0.8772153153380493,0.48381288316677695,0.6240505200038379,0.5714285040141098,0.0,0.20438239758848611,1.0,0.6509209298071326,1.0,1.0,1.0
3125,1.0,1.0,0.5585075862632192,1.0,1.0,1.0,1.0,0.9438661545147249,0.9709286432396583,1.0,1.0,1.0
3148,0.0,0.0,0.0,0.0,0.0,0.0,0.6309297535714575,0.0,0.0,0.3333333333333333,0.3562071871080222,0.3333333333333333
3149,0.8191079142140381,0.5709662133861837,0.2032495876139783,0.3422220729283414,0.5889837127672154,0.2521686779156779,0.40885093048316934,0.6924048374257171,0.5413753343496284,0.644824486427155,0.644824486427155,0.644824486427155
3177,0.6583122271626569,0.7513135367019809,0.08671382849411972,0.41369036460599656,0.7709363892380909,0.7377693065954244,0.8727377840451935,0.3540866036435273,0.45413580362855294,0.4892050962442682,0.4892050962442682,0.4892050962442682
3179,0.8772153153380493,0.8315546295836225,0.3065735963827292,0.6131471927654584,1.0,0.8503449055347546,1.0,0.8175295903539445,0.7903864795495061,0.8772153153380493,0.8503449055347546,0.8772153153380493
3186,1.0,1.0,0.6309297535714575,1.0,1.0,0.0,1.0,1.0,1.0,1.0,1.0,1.0
3189,0.4776237035032179,0.23463936301137822,0.0,0.23463936301137822,0.46927872602275644,0.46927872602275644,0.46927872602275644,0.16716045496620227,0.14126697285982898,0.16716045496620227,0.16716045496620227,0.16716045496620227
3254,0.0,0.0,0.0,0.0,0.0,0.0,0.0,0.0,0.0,0.0,0.0,0.0
3264,0.6364391809889587,0.7039180890341347,0.46927872602275644,0.49818925746641285,0.38364913903790027,0.18154179253735267,0.0,0.46927872602275644,0.6364391809889587,0.46927872602275644,0.46927872602275644,0.46927872602275644
3357,0.0,0.0,0.0,0.0,0.0,0.38685280723454163,0.43067655807339306,0.0,0.0,0.31546487678572877,0.31546487678572877,0.31546487678572877
3369,0.5294362295028773,0.15101961822780524,0.0,0.5585075862632192,0.44149241373678083,0.6715263515506075,0.5855700749881525,0.3903800499921017,0.11751610475642714,0.0,0.11751610475642714,0.0
3394,0.16812753627111746,0.44149241373678083,0.0,0.0,0.28097267762005274,0.0,0.0,0.11284514134893527,0.3191471544989227,0.13012668333070054,0.13012668333070054,0.13012668333070054
34,0.6364391809889587,0.46927872602275644,0.0,0.20210734650054757,0.23463936301137822,0.23463936301137822,0.23463936301137822,0.23463936301137822,0.23463936301137822,0.13565197343244778,0.0,0.0
3404,0.6934264036172708,0.5249810332008933,0.6131471927654584,0.0,0.9197207891481876,0.6131471927654584,0.5012658353418871,0.8065735963827293,0.5802792108518124,0.8772153153380493,0.8772153153380493,0.8772153153380493
3405,0.46927872602275644,0.46927872602275644,0.0,0.46927872602275644,0.46927872602275644,0.46927872602275644,0.16716045496620227,0.18154179253735267,0.20210734650054757,0.2960819109658652,0.2960819109658652,0.2960819109658652
3446,0.18457569677956817,0.18457569677956817,0.0,0.0,0.0,0.0,0.20438239758848611,0.0,0.0,0.0,0.0,0.0
3451,0.47254583883871204,0.4592846660663049,0.15130120674940672,0.5709662133861837,0.6920165406831017,0.6238470455881188,0.4935232796777481,0.38724877043467315,0.329865324074273,0.5809949937791563,0.5943907508440193,0.5809949937791563
3453,0.8065735963827293,0.38685280723454163,0.38685280723454163,0.6131471927654584,0.8315546295836225,0.6131471927654584,0.8772153153380493,0.6131471927654584,0.6131471927654584,0.6131471927654584,0.6131471927654584,0.6131471927654584
3480,0.2685529228900211,0.11004588314904008,0.0,0.0,0.09478836436955078,0.07839826897867533,0.08514311764162098,0.13698471029831175,0.06943122193677727,0.37850091886658266,0.37850091886658266,0.37850091886658266
3490,0.20210734650054757,0.0,0.0,0.0,0.1480409554829326,0.2960819109658652,0.1480409554829326,0.0,0.0,0.16716045496620227,0.16716045496620227,0.16716045496620227
3500,0.0,0.0,0.0,0.0,0.0,0.0,0.0,0.0,0.0,0.0,0.0,0.0
3503,0.32097939710179135,0.21398626473452756,0.0,0.10209739512291163,0.3347975674340217,0.21398626473452756,0.10699313236726378,0.10209739512291163,0.10209739512291163,0.0,0.0,0.0
3512,0.4539036202482202,0.4329261794091841,0.0,0.4539036202482202,0.4935232796777481,0.2816249726597774,0.4539036202482202,0.21252302622743086,0.18833918526767932,0.2816249726597774,0.22485174766247445,0.2816249726597774
3528,0.6509209298071326,0.5706417189553201,0.38685280723454163,0.8175295903539445,0.8772153153380493,0.5714285040141098,0.9197207891481876,0.6240505200038379,0.6052602440527057,0.6052602440527057,0.6052602440527057,0.6052602440527057
3530,0.8318724637288826,0.8318724637288826,0.8048099750039491,0.8318724637288826,0.8318724637288826,0.8318724637288826,0.8318724637288826,0.8318724637288826,0.8318724637288826,0.8318724637288826,0.8318724637288826,0.8318724637288826
3534,0.6713860725233041,0.6105456988825855,0.46927872602275644,0.617319681505689,0.4776237035032179,0.5307212739772434,0.5307212739772434,0.4632423659320675,0.39106560501896365,0.4367467095119258,0.4367467095119258,0.4367467095119258
3566,0.0,0.23719771276929622,0.6131471927654584,0.0,0.6131471927654584,0.38685280723454163,0.6131471927654584,0.38685280723454163,0.6131471927654584,0.6131471927654584,0.6131471927654584,0.6131471927654584
3569,0.15101961822780524,0.0,0.0,0.123151194370365,0.0,0.0,0.0,0.11751610475642714,0.0,0.0,0.11751610475642714,0.0
3594,0.0,0.0,0.0,0.18457569677956817,0.0,0.3065735963827292,0.0,0.0,0.0,0.0,0.0,0.0
3612,0.43067655807339306,0.0,0.3010299956639812,1.0,0.6309297535714575,0.3562071871080222,0.5,0.43067655807339306,0.38685280723454163,0.5,0.5,0.5
3615,1.0,1.0,0.6309297535714575,0.6309297535714575,1.0,1.0,1.0,1.0,1.0,1.0,1.0,1.0
3625,0.0,0.0,0.0,0.0,0.0,0.3010299956639812,0.0,0.0,0.0,0.0,0.0,0.0
3682,1.0,1.0,0.7903864795495061,0.9197207891481876,1.0,1.0,1.0,1.0,0.8772153153380493,1.0,1.0,1.0
3683,0.0,0.0,0.0,0.0,0.0,0.0,0.2960819109658652,0.0,0.0,0.0,0.0,0.0
3694,0.47338717040861195,0.2051166673279436,0.0,0.33013764944712026,0.42520843362602373,0.07336392209936005,0.42520843362602373,0.22082856303278728,0.08514311764162098,0.28323251649726616,0.18340980524840012,0.2781981696179509
3724,0.23719771276929622,0.38685280723454163,0.0,0.2640681225725909,0.2640681225725909,0.0,0.0,0.0,0.19342640361727081,0.2640681225725909,0.2640681225725909,0.23719771276929622
3735,0.298254219601818,0.13905617951077562,0.15101961822780524,0.34620964322385606,0.4637257479802832,0.24630238874073,0.13012668333070054,0.3080351663449861,0.13905617951077562,0.36331756126716835,0.36331756126716835,0.3191471544989227
3759,0.14606834984270645,0.0,0.0,0.0,0.14606834984270645,0.3391602052736161,0.13120507751234178,0.10699313236726378,0.0,0.0,0.0,0.0
3767,0.6713860725233041,0.617319681505689,0.23463936301137822,0.46927872602275644,0.6713860725233041,0.46927872602275644,0.4776237035032179,0.46927872602275644,0.46927872602275644,0.7039180890341347,0.7039180890341347,0.7039180890341347
3771,0.9060254355346823,0.7039180890341347,0.0,0.9066276098484507,0.9217868789962071,0.9674679834891693,0.9674679834891693,0.5498407734605131,0.35853358850813305,0.7653606369886217,0.7653606369886217,0.7653606369886217
3781,0.0,0.2716774977597197,0.16958010263680806,0.0,0.14606834984270645,0.0,0.1208113026994942,0.21398626473452756,0.32703966649239957,0.5296347172140421,0.5296347172140421,0.5296347172140421
3789,0.0,0.0,0.0,0.0,0.38685280723454163,0.0,1.0,0.0,0.0,0.0,0.0,0.0
3791,0.38685280723454163,0.3065735963827292,0.0,0.6131471927654584,0.0,0.0,0.17723928678404774,0.19342640361727081,0.17723928678404774,0.0,0.0,0.0
3801,0.9447176050778178,0.7757386182436072,0.9828920819566879,0.876848805629635,1.0,0.5855700749881525,0.9828920819566879,1.0,1.0,0.9828920819566879,0.9828920819566879,0.9828920819566879
3822,0.0,0.0,0.0,0.0,0.0,0.0,0.0,0.0,0.0,0.0,0.0,0.0
3829,1.0,0.5714285040141098,0.18457569677956817,0.46845052016107697,1.0,0.8772153153380493,1.0,0.5,0.38685280723454163,1.0,1.0,1.0
3830,0.11284514134893527,0.13012668333070054,0.0,0.123151194370365,0.19519002499605084,0.0,0.34620964322385606,0.0,0.0,0.0,0.0,0.0
3837,0.0,0.0,0.0,0.0,0.0,0.0,0.0,0.0,0.0,0.0,0.0,0.0
3859,0.0,0.0,0.0,0.17723928678404774,0.17723928678404774,0.0,0.0,0.0,0.0,0.21840743681816419,0.2640681225725909,0.21840743681816419
3875,0.6131471927654584,0.8503449055347546,0.6131471927654584,0.6131471927654584,1.0,1.0,0.9197207891481876,0.6131471927654584,0.7903864795495061,0.38685280723454163,0.38685280723454163,0.38685280723454163
3888,0.0,0.0,0.0,0.0,0.0,0.0,0.0,0.0,0.0,0.0,0.0,0.0
3909,0.553486104522623,0.5363781864793108,0.0,0.5805485932475565,0.34620964322385606,0.2638647595767405,0.19519002499605084,0.23599633571930026,0.2429718246796358,0.4693608375942211,0.4693608375942211,0.4693608375942211
3932,0.38685280723454163,0.0,0.0,0.0,0.0,0.0,0.0,0.2890648263178879,0.0,0.0,0.0,0.0
3934,0.0,0.0,0.0,0.6309297535714575,0.2890648263178879,0.43067655807339306,0.5,0.0,0.0,0.0,0.0,0.0
3995,0.0,0.0,0.0,0.0,0.0,0.5,0.43067655807339306,0.0,0.0,0.0,0.0,0.0
4007,0.5316900945208328,0.16716045496620227,0.0,0.0,0.14126697285982898,0.2960819109658652,0.1480409554829326,0.13565197343244778,0.0,0.14126697285982898,0.14126697285982898,0.14126697285982898
4011,0.0,0.20210734650054757,0.0,0.16716045496620227,0.20210734650054757,0.23463936301137822,0.0,0.0,0.14126697285982898,0.41618115554873086,0.41618115554873086,0.41618115554873086
4019,0.9668342083190152,0.8248239677678635,0.639945385422766,0.8062079522181139,0.8687949224876582,0.7227265726449519,0.8357799744028239,0.843537875344446,0.7227265726449519,0.8687949224876582,0.8687949224876582,0.8687949224876582
4031,0.8627545507313896,0.5842273861585908,0.30260241349881345,0.30260241349881345,0.7183750273402227,0.735916889650613,0.7409096387260823,0.6753197893820488,0.5337936505754552,0.8325036712789009,0.8191079142140381,0.8325036712789009
4037,0.6131471927654584,0.38685280723454163,0.6131471927654584,0.6131471927654584,0.6131471927654584,0.6131471927654584,0.6131471927654584,0.6131471927654584,0.6131471927654584,0.6131471927654584,0.6131471927654584,0.6131471927654584
4047,0.6131471927654584,0.6131471927654584,0.0,0.7903864795495061,0.6131471927654584,0.6131471927654584,0.6131471927654584,0.20438239758848611,0.20438239758848611,0.6131471927654584,0.6131471927654584,0.6131471927654584
4071,0.5413996682199069,0.5205067333228022,0.5855700749881525,0.5078961547485289,0.5078961547485289,0.3903800499921017,0.5205067333228022,0.5585075862632192,0.5413996682199069,0.5294362295028773,0.5294362295028773,0.5294362295028773
4084,0.5975087322498515,0.3932591258696538,0.5399294342072939,0.4950605206767563,0.2918104499436024,0.6101543717595667,0.3932591258696538,0.6494328041632133,0.510227424721404,0.7352996175880481,0.7352996175880481,0.7352996175880481
4102,0.787702056960637,0.8318724637288826,0.5205067333228022,0.6366824387328317,0.8318724637288826,0.6366824387328317,0.787702056960637,0.787702056960637,0.7668091220635322,0.8048099750039491,0.8048099750039491,0.8048099750039491
4103,1.0,1.0,0.9197207891481876,1.0,1.0,1.0,1.0,1.0,1.0,1.0,1.0,1.0
4105,0.0,0.0,0.0,0.0,0.0,0.0,0.0,0.0,0.0,0.0,0.0,0.0
4116,0.4690000933206748,0.3187939258847263,0.0,0.5957616317188126,0.43735247915031,0.3589542101716347,0.5067837010870873,0.30240383049385083,0.22784037450527975,0.15139734109601002,0.14465249243306436,0.14201905717762703
4125,0.41618115554873086,0.46927872602275644,0.0,0.0,0.23463936301137822,0.6713860725233041,0.5307212739772434,0.1480409554829326,0.15642624200758548,0.6713860725233041,0.6713860725233041,0.6713860725233041
4142,0.6509209298071326,0.3065735963827292,0.6131471927654584,0.3065735963827292,0.3065735963827292,0.0,0.21840743681816419,0.8175295903539445,0.6131471927654584,0.38685280723454163,0.38685280723454163,0.38685280723454163
4153,0.0,0.0,0.0,0.16812753627111746,0.0,0.0,0.0,0.0,0.0,0.0,0.0,0.0
4179,0.0,0.23719771276929622,0.0,0.0,0.0,0.20438239758848611,0.17723928678404774,0.0,0.0,0.0,0.0,0.0
4188,0.6309297535714575,0.0,1.0,0.38685280723454163,0.2890648263178879,0.5,0.3562071871080222,1.0,0.43067655807339306,0.6309297535714575,0.6309297535714575,0.6309297535714575
42,0.5,0.5,0.0,0.5,0.6309297535714575,0.5,0.6309297535714575,0.3333333333333333,0.3333333333333333,0.5,0.5,0.5
4205,0.6309297535714575,1.0,0.0,0.5,0.6309297535714575,0.43067655807339306,0.5,0.3562071871080222,0.38685280723454163,1.0,1.0,1.0
4233,0.14126697285982898,0.0,0.0,0.1480409554829326,0.0,0.2836929289153804,0.23463936301137822,0.0,0.0,0.3171937659698004,0.14126697285982898,0.15642624200758548
4265,1.0,1.0,0.0,1.0,1.0,1.0,1.0,0.3562071871080222,0.3562071871080222,1.0,1.0,1.0
4286,0.0,0.0,0.16716045496620227,0.0,0.14126697285982898,0.14126697285982898,0.23463936301137822,0.0,0.23463936301137822,0.20210734650054757,0.36926780146674987,0.3295827480202853
4289,0.0,0.0,0.0,0.0,0.0,1.0,0.0,0.0,0.0,0.0,0.0,0.0
4306,1.0,1.0,0.6131471927654584,0.38685280723454163,1.0,1.0,1.0,0.9197207891481876,0.8772153153380493,1.0,1.0,1.0
4312,0.3692312710536414,0.24738635904833417,0.2423936099728648,0.3936948167222715,0.561692774772731,0.4935232796777481,0.5337936505754552,0.2816249726597774,0.2816249726597774,0.40885093048316934,0.40885093048316934,0.40885093048316934
4335,0.0,0.0,0.0,0.38356636737133565,0.0,0.0,0.13120507751234178,0.0,0.0,0.3120255505658846,0.21398626473452756,0.21398626473452756
4339,0.6131471927654584,0.0,0.0,0.19342640361727081,0.0,0.0,0.0,0.23719771276929622,0.0,0.21840743681816419,0.21840743681816419,0.21840743681816419
4394,0.7653606369886217,0.7653606369886217,0.6257049680303419,0.7653606369886217,0.7653606369886217,0.7653606369886217,0.7039180890341347,0.7653606369886217,0.6508205185601091,0.7653606369886217,0.7653606369886217,0.7653606369886217
4409,1.0,1.0,0.0,0.3562071871080222,1.0,1.0,1.0,0.31546487678572877,0.31546487678572877,1.0,1.0,1.0
4411,0.6461438622906606,0.5306972923267992,0.08274602130532002,0.38972337529357015,0.6193865136400613,0.383435894248366,0.628610217676767,0.3794680870595663,0.3794680870595663,0.6773676006644395,0.6773676006644395,0.6773676006644395
4414,0.732296200528563,0.3692312710536414,0.18293214719087553,0.7402849195166222,0.5842273861585908,0.13032376591037062,0.644824486427155,0.2987100207034456,0.2987100207034456,0.6105858728157117,0.6238470455881188,0.5240185826326421
4415,0.0,0.0,0.0,0.13565197343244778,0.13565197343244778,0.0,0.15642624200758548,0.0,0.0,0.0,0.0,0.0
4433,0.3391602052736161,0.3391602052736161,0.0,0.5087403079104241,0.41774584760242617,0.48522855511632257,0.29039140533630226,0.11305340175787204,0.11305340175787204,0.21398626473452756,0.21398626473452756,0.21398626473452756
4447,0.0,0.0,0.0,0.0,0.0,0.0,0.0,0.0,0.0,0.0,0.0,0.0
4464,1.0,1.0,1.0,0.9197207891481876,1.0,1.0,1.0,1.0,1.0,1.0,1.0,1.0
4465,1.0,1.0,1.0,0.6309297535714575,0.6309297535714575,1.0,1.0,1.0,1.0,1.0,1.0,1.0
4484,0.8048099750039491,0.8048099750039491,0.7757386182436072,0.8318724637288826,0.5294362295028773,0.8318724637288826,0.6366824387328317,0.8318724637288826,0.8318724637288826,0.8318724637288826,0.8318724637288826,0.8318724637288826
4499,1.0,1.0,0.6309297535714575,0.5,1.0,1.0,1.0,1.0,1.0,1.0,1.0,1.0
4500,0.0,0.0,0.0,0.31546487678572877,0.0,0.6309297535714575,0.0,0.0,0.0,1.0,0.0,1.0
4504,0.0,0.0,0.0,0.0,0.0,0.0,0.0,0.0,0.0,0.0,0.0,0.0
4514,0.3010299956639812,0.0,0.0,0.0,0.0,0.0,0.0,0.0,0.0,0.3010299956639812,0.3562071871080222,0.31546487678572877
4523,0.0,0.0,0.0,0.0,0.0,0.0,0.0,0.0,0.0,0.0,0.0,0.0
4539,1.0,1.0,0.3333333333333333,1.0,1.0,1.0,1.0,1.0,1.0,1.0,1.0,1.0
4571,1.0,0.6240505200038379,0.0,0.5012658353418871,0.9197207891481876,1.0,0.6509209298071326,0.5012658353418871,0.21840743681816419,1.0,1.0,1.0
4600,1.0,1.0,0.0,1.0,1.0,1.0,1.0,0.31546487678572877,0.3333333333333333,1.0,1.0,1.0
4605,0.46927872602275644,0.46927872602275644,0.46927872602275644,0.46927872602275644,0.46927872602275644,0.7039180890341347,0.46927872602275644,0.46927872602275644,0.46927872602275644,0.46927872602275644,0.46927872602275644,0.46927872602275644
4615,1.0,0.5,0.0,0.6309297535714575,0.6309297535714575,1.0,1.0,0.31546487678572877,0.3010299956639812,1.0,1.0,1.0
4640,0.0,0.0,0.0,0.0,0.0,0.0,0.0,0.0,0.0,0.0,0.0,0.0
4641,0.8175295903539445,0.8065735963827293,0.20438239758848611,0.6131471927654584,0.8772153153380493,0.6131471927654584,0.8772153153380493,0.6131471927654584,0.6131471927654584,0.8503449055347546,0.8503449055347546,0.8503449055347546
4678,0.7653606369886217,0.7653606369886217,0.40179981797758046,0.7653606369886217,0.9066276098484507,0.9674679834891693,0.7653606369886217,0.8854598815714874,0.9060254355346823,0.9134015924715543,0.9674679834891693,0.9134015924715543
4681,0.38685280723454163,0.0,0.0,0.0,0.0,0.20438239758848611,0.0,0.2640681225725909,0.0,0.0,0.0,0.0
4700,0.38268031849431083,0.46927872602275644,0.39106560501896365,0.2960819109658652,0.6049306994552042,0.6713860725233041,0.6105456988825855,0.4367467095119258,0.6508205185601091,0.9674679834891693,0.9674679834891693,0.9674679834891693
4714,0.0,0.0,0.0,0.0,0.0,0.0,0.0,0.0,0.0,0.0,0.0,0.0
475,0.0,0.0,0.0,0.0,0.0,0.0,0.0,0.0,0.0,0.0,0.0,0.0
4756,1.0,1.0,0.38364913903790027,0.9469024295259745,0.7653606369886217,0.8854598815714874,0.9469024295259745,0.9066276098484507,0.7653606369886217,0.86034433104172,0.86034433104172,0.86034433104172
4767,0.3010299956639812,0.0,0.0,0.0,0.0,0.0,0.0,0.0,0.0,0.2890648263178879,0.0,0.2890648263178879
4775,1.0,1.0,1.0,0.5,1.0,1.0,1.0,1.0,1.0,1.0,1.0,1.0
4777,0.0,0.0,0.0,0.0,0.0,0.0,0.0,0.0,0.0,0.0,0.0,0.0
4785,0.6131471927654584,0.18457569677956817,0.0,0.0,0.0,0.23719771276929622,0.0,0.2640681225725909,0.0,0.6131471927654584,0.38685280723454163,0.38685280723454163
4804,0.0,0.0,0.5,0.3010299956639812,0.0,0.38685280723454163,0.0,1.0,0.6309297535714575,1.0,1.0,1.0
4813,0.6364391809889587,0.7039180890341347,0.6364391809889587,0.6713860725233041,0.6257049680303419,0.7039180890341347,0.7039180890341347,0.7653606369886217,0.7039180890341347,0.7653606369886217,0.7653606369886217,0.7653606369886217
4823,0.5032251913410369,0.3903800499921017,0.0,0.3903800499921017,0.3903800499921017,0.5294362295028773,0.6469523342593044,0.11751610475642714,0.11751610475642714,0.5135312443624667,0.5135312443624667,0.5135312443624667
4827,0.0,0.0,0.0,0.0,0.0,0.0,0.0,0.0,0.0,0.0,0.0,0.0
4837,0.38685280723454163,0.0,0.0,0.0,0.0,0.0,0.0,0.2890648263178879,0.0,0.0,0.0,0.0
4844,0.0,0.0,0.0,0.0,0.0,0.0,0.0,0.0,0.0,0.0,0.0,0.0
4845,0.0,0.0,0.0,0.0,0.0,0.0,0.0,0.0,0.0,0.0,0.0,0.0
4846,0.6309297535714575,0.6309297535714575,0.6309297535714575,0.38685280723454163,0.43067655807339306,0.6309297535714575,0.43067655807339306,1.0,1.0,0.6309297535714575,0.6309297535714575,0.6309297535714575
4863,0.0,0.0,0.0,0.0,0.0,0.0,0.0,0.0,0.0,0.0,0.0,0.0
4865,0.0,0.0,0.0,0.0,0.0,0.0,0.0,0.0,0.0,0.0,0.0,0.0
4920,1.0,0.6131471927654584,0.21840743681816419,1.0,0.8175295903539445,0.8175295903539445,0.6131471927654584,0.9197207891481876,0.6131471927654584,1.0,1.0,1.0
4942,0.0,0.0,0.5,0.0,0.3562071871080222,0.0,0.38685280723454163,0.5,0.43067655807339306,0.0,0.2890648263178879,0.0
4946,0.0,0.0,0.0,0.0,0.0,0.0,0.0,0.0,0.0,0.0,0.0,0.0
4955,0.6131471927654584,0.6131471927654584,0.0,0.17723928678404774,0.3065735963827292,0.3065735963827292,0.38685280723454163,0.17723928678404774,0.17723928678404774,0.38685280723454163,0.38685280723454163,0.38685280723454163
4962,1.0,1.0,0.2890648263178879,0.31546487678572877,0.3562071871080222,1.0,0.0,1.0,0.6309297535714575,1.0,1.0,1.0
4968,1.0,1.0,1.0,1.0,1.0,1.0,1.0,1.0,1.0,0.6309297535714575,0.6309297535714575,0.6309297535714575
4981,0.8315546295836225,0.6131471927654584,0.0,0.6131471927654584,0.38685280723454163,0.6131471927654584,0.6131471927654584,0.38685280723454163,0.3065735963827292,0.7903864795495061,0.6131471927654584,0.8065735963827293
4999,1.0,0.6309297535714575,1.0,1.0,1.0,1.0,1.0,1.0,1.0,1.0,1.0,1.0
5021,0.6131471927654584,0.3065735963827292,0.21840743681816419,0.21840743681816419,0.3065735963827292,0.23719771276929622,0.38685280723454163,0.6131471927654584,0.6131471927654584,0.6131471927654584,0.6131471927654584,0.6131471927654584
503,0.5834330535576521,0.5868924718493931,0.33013764944712026,0.5423640154200349,0.7655934900767002,0.7917267193679839,0.5224955967919311,0.5174612499126158,0.43231813227099475,0.6371523797895856,0.6332196796270029,0.6332196796270029
5030,0.6309297535714575,0.5,1.0,0.0,1.0,1.0,1.0,0.6309297535714575,0.6309297535714575,1.0,1.0,1.0
504,0.2640681225725909,0.23719771276929622,0.0,0.20438239758848611,0.23719771276929622,0.0,0.5802792108518124,0.18457569677956817,0.0,0.0,0.0,0.0
5045,0.0,0.0,0.0,0.0,0.0,0.43067655807339306,0.0,0.0,0.0,0.43067655807339306,0.0,0.43067655807339306
5054,0.3010299956639812,0.0,0.43067655807339306,0.0,0.3333333333333333,1.0,0.6309297535714575,1.0,0.6309297535714575,1.0,1.0,1.0
5061,0.0,0.0,0.0,0.0,0.17723928678404774,0.0,0.17723928678404774,0.0,0.0,0.0,0.0,0.0
5064,0.10699313236726378,0.21398626473452756,0.0,0.5087403079104241,0.31608365985743925,0.31608365985743925,0.5531464700081437,0.0,0.11305340175787204,0.4703652827859579,0.639945385422766,0.4703652827859579
5067,0.0,0.0,0.0,0.0,0.0,0.0,0.0,0.0,0.0,0.0,0.0,0.0
5080,0.46927872602275644,0.2960819109658652,0.0,0.0,0.0,0.0,0.0,0.2960819109658652,0.18154179253735267,0.46927872602275644,0.46927872602275644,0.46927872602275644
5083,0.19092086617893467,0.10778915452451093,0.0,0.0,0.10778915452451093,0.10778915452451093,0.0,0.11706259313796354,0.0,0.09546043308946733,0.09109240322345806,0.09109240322345806
5085,0.0,0.0,0.0,0.0,0.0,0.0,0.0,0.0,0.0,0.0,0.0,0.0
5086,0.0,0.0,0.0,0.0,0.0,0.0,0.0,0.0,0.0,0.0,0.0,0.0
5090,0.38356636737133565,0.21398626473452756,0.3391602052736161,0.14606834984270645,0.3391602052736161,0.3391602052736161,0.4412576003965278,0.45221360703148816,0.3391602052736161,0.44615333764087994,0.44615333764087994,0.44615333764087994
5125,0.6131471927654584,0.6131471927654584,0.0,0.0,0.6131471927654584,0.6131471927654584,0.6131471927654584,0.2640681225725909,0.3065735963827292,0.6131471927654584,0.6131471927654584,0.6131471927654584
5134,1.0,1.0,1.0,1.0,0.9325210919548239,0.7653606369886217,1.0,1.0,1.0,1.0,0.9674679834891693,1.0
515,0.31546487678572877,0.0,0.0,0.0,0.0,0.0,0.0,0.0,0.0,0.0,0.0,0.0
5150,0.4703652827859579,0.3391602052736161,0.4371994911049732,0.4703652827859579,0.4599715079731103,0.3391602052736161,0.4703652827859579,0.5531464700081437,0.48522855511632257,0.6552438651310554,0.6552438651310554,0.6552438651310554
5155,0.3152014104491349,0.0,0.0,0.617319681505689,0.20210734650054757,0.18154179253735267,0.23463936301137822,0.0,0.0,0.2960819109658652,0.2960819109658652,0.2960819109658652
5172,0.0,0.0,0.0,0.0,0.0,0.0,0.0,0.0,0.0,0.0,0.0,0.0
5178,0.5,0.6309297535714575,0.38685280723454163,1.0,1.0,0.5,0.6309297535714575,1.0,1.0,0.6309297535714575,0.6309297535714575,0.6309297535714575
5185,0.5,0.31546487678572877,0.0,0.3562071871080222,0.31546487678572877,0.38685280723454163,0.38685280723454163,0.31546487678572877,0.0,0.0,0.0,0.0
5196,1.0,0.5,0.43067655807339306,1.0,1.0,0.6309297535714575,1.0,1.0,0.6309297535714575,1.0,1.0,1.0
5206,0.16958010263680806,0.45221360703148816,0.1208113026994942,0.16958010263680806,0.0,0.14606834984270645,0.0,0.21398626473452756,0.21398626473452756,0.16958010263680806,0.16958010263680806,0.16958010263680806
5228,0.0,0.0,0.0,0.0,0.0,0.0,0.0,0.0,0.0,0.0,0.0,0.0
5231,0.0,0.0,0.0,0.0,0.0,0.0,0.0,0.0,0.0,0.0,0.0,0.0
5241,1.0,1.0,0.6309297535714575,1.0,1.0,1.0,1.0,1.0,1.0,1.0,1.0,1.0
5254,0.0,0.23719771276929622,0.0,0.0,0.17723928678404774,0.6131471927654584,0.23719771276929622,0.0,0.0,0.23719771276929622,0.21840743681816419,0.2640681225725909
5255,0.6257049680303419,0.46927872602275644,0.15642624200758548,0.16716045496620227,0.2960819109658652,0.2960819109658652,0.46927872602275644,0.46927872602275644,0.46927872602275644,0.46927872602275644,0.46927872602275644,0.46927872602275644
5264,0.15101961822780524,0.25657228426720274,0.0,0.16812753627111746,0.29007579773858083,0.5585075862632192,0.16812753627111746,0.11284514134893527,0.0,0.312706129752478,0.312706129752478,0.312706129752478
5271,0.6240505200038379,0.23719771276929622,0.0,0.0,0.0,0.8772153153380493,0.0,0.4911492931622974,0.17723928678404774,0.8772153153380493,0.6240505200038379,0.6240505200038379
529,0.0,0.6131471927654584,0.18457569677956817,0.0,0.6131471927654584,0.6934264036172708,1.0,0.3065735963827292,0.38685280723454163,0.7977228895450266,0.6131471927654584,0.7977228895450266
5331,0.0,0.10699313236726378,0.16958010263680806,0.0,0.0,0.0,0.0,0.3391602052736161,0.3391602052736161,0.0,0.13120507751234178,0.0
5343,0.16716045496620227,0.0,0.0,0.1480409554829326,0.0,0.0,0.0,0.0,0.0,0.0,0.0,0.0
5347,0.0,0.0,0.0,0.0,0.0,0.0,0.0,0.0,0.0,0.0,0.0,0.0
5356,1.0,1.0,0.0,0.3010299956639812,0.3010299956639812,0.2890648263178879,0.31546487678572877,0.38685280723454163,0.38685280723454163,1.0,1.0,1.0
5369,0.8772153153380493,0.0,0.0,0.38685280723454163,0.21840743681816419,0.38685280723454163,0.6131471927654584,0.39564672360221187,0.0,0.6131471927654584,0.6131471927654584,0.6131471927654584
5374,1.0,0.6309297535714575,0.6309297535714575,0.6309297535714575,1.0,0.6309297535714575,1.0,1.0,1.0,1.0,1.0,1.0
5380,0.18340980524840012,0.08514311764162098,0.0,0.22009176629808017,0.11004588314904008,0.08514311764162098,0.20483424751859086,0.07336392209936005,0.0,0.1478294909154526,0.07839826897867533,0.1478294909154526
5402,0.6131471927654584,0.6131471927654584,0.0,0.6131471927654584,0.38685280723454163,0.6131471927654584,0.3065735963827292,0.3065735963827292,0.3065735963827292,0.6131471927654584,0.6131471927654584,0.6131471927654584
5410,0.0,0.0,0.0,0.0,0.0,0.0,0.0,0.0,0.0,0.0,0.0,0.0
5422,1.0,0.0,0.0,0.0,0.0,0.0,0.3333333333333333,0.38685280723454163,0.0,0.0,0.0,0.0
5427,0.0,0.0,0.0,0.0,0.0,0.0,0.0,0.0,0.0,0.0,0.0,0.0
5460,1.0,1.0,1.0,1.0,1.0,1.0,1.0,1.0,1.0,1.0,1.0,1.0
5464,0.0,0.43067655807339306,0.0,1.0,1.0,1.0,1.0,0.0,0.2890648263178879,0.43067655807339306,0.43067655807339306,0.43067655807339306
547,0.975788054854922,0.943473299121064,0.830419897363192,0.7227265726449519,0.9072602453428914,0.7426050123677904,1.0,0.8539316501572937,0.8687949224876582,0.843537875344446,0.843537875344446,0.843537875344446
549,1.0,1.0,0.0,0.43067655807339306,0.6309297535714575,1.0,0.3562071871080222,0.5,0.5,0.6309297535714575,0.6309297535714575,0.6309297535714575
5503,0.5,0.0,0.0,1.0,0.0,0.0,0.31546487678572877,0.2890648263178879,0.0,1.0,1.0,1.0
5505,0.123151194370365,0.123151194370365,0.0,0.0,0.0,0.0,0.0,0.0,0.0,0.11751610475642714,0.123151194370365,0.11751610475642714
5511,0.9674679834891693,0.9060254355346823,0.7653606369886217,1.0,1.0,1.0,1.0,0.9010126104210695,0.9469024295259745,0.8385465274895063,0.8385465274895063,0.8385465274895063
5534,1.0,1.0,1.0,1.0,1.0,1.0,1.0,1.0,1.0,1.0,1.0,1.0
5549,0.8772153153380493,0.9197207891481876,0.6240505200038379,1.0,0.8772153153380493,1.0,1.0,0.9197207891481876,0.6509209298071326,0.6934264036172708,0.6934264036172708,0.6934264036172708
5585,0.0,0.0,0.0,0.0,0.0,0.0,0.0,0.0,0.0,0.0,0.0,0.0
559,0.43067655807339306,0.38685280723454163,1.0,0.0,1.0,0.5,1.0,1.0,1.0,1.0,1.0,1.0
5592,0.0,0.31546487678572877,0.0,0.0,0.0,0.0,0.0,0.0,0.0,0.0,0.0,0.0
56,1.0,1.0,0.5,1.0,1.0,1.0,1.0,0.6309297535714575,0.6309297535714575,1.0,1.0,1.0
5616,0.0,0.0,0.0,0.21840743681816419,0.18457569677956817,0.0,0.0,0.0,0.0,0.19342640361727081,0.21840743681816419,0.19342640361727081
5620,0.46927872602275644,0.1480409554829326,0.0,0.15642624200758548,0.0,0.15642624200758548,0.15642624200758548,0.16716045496620227,0.0,0.46927872602275644,0.46927872602275644,0.46927872602275644
5646,0.32703966649239957,0.44615333764087994,0.3391602052736161,0.26761938846816513,0.3391602052736161,0.45221360703148816,0.3391602052736161,0.3391602052736161,0.3391602052736161,0.4371994911049732,0.3391602052736161,0.4371994911049732
5653,0.0,0.0,0.0,0.0,0.3562071871080222,0.0,0.0,0.0,0.0,0.0,0.0,0.0
5683,1.0,0.5,0.0,0.0,0.43067655807339306,0.3010299956639812,1.0,0.3562071871080222,0.3333333333333333,0.6309297535714575,0.6309297535714575,0.6309297535714575
570,1.0,1.0,0.0,0.3562071871080222,1.0,1.0,0.6309297535714575,0.31546487678572877,0.3010299956639812,0.6309297535714575,0.6309297535714575,0.6309297535714575
5710,0.0,0.0,0.0,0.0,0.5912352048230277,0.3065735963827292,0.5802792108518124,0.0,0.0,0.19342640361727081,0.0,0.18457569677956817
5741,0.32908604348504067,0.311551184718968,0.0843142342558857,0.20261469210121208,0.15958907712489634,0.37616043716109254,0.3372569370235428,0.2529427027676571,0.2529427027676571,0.09785159463516042,0.09010000865236768,0.09785159463516042
5763,0.559008518493208,0.36331756126716835,0.0,0.15101961822780524,0.31834121936641585,0.16812753627111746,0.2741708125981702,0.29007579773858083,0.2429718246796358,0.5204732013389002,0.29127873064148246,0.5085097626218706
5782,0.48381288316677695,0.5012658353418871,0.38685280723454163,0.2640681225725909,1.0,0.9197207891481876,0.8772153153380493,0.6131471927654584,0.7903864795495061,0.8175295903539445,0.8175295903539445,0.8175295903539445
5790,0.0,0.0,0.6131471927654584,0.18457569677956817,0.20438239758848611,0.19342640361727081,0.2640681225725909,0.38685280723454163,0.2640681225725909,0.2640681225725909,0.2640681225725909,0.0
5808,0.0,0.0,0.0,0.0,0.0,0.0,0.0,0.0,0.0,0.0,0.0,0.0
585,0.3391602052736161,0.10699313236726378,0.14606834984270645,0.0,0.3391602052736161,0.3391602052736161,0.3391602052736161,0.3391602052736161,0.3391602052736161,0.3391602052736161,0.3391602052736161,0.3391602052736161
5853,0.17723928678404774,0.0,0.0,0.23719771276929622,0.21840743681816419,0.3065735963827292,0.2640681225725909,0.0,0.0,0.21840743681816419,0.20438239758848611,0.21840743681816419
5862,0.6131471927654584,0.6131471927654584,0.6131471927654584,0.6131471927654584,0.6131471927654584,0.6131471927654584,0.6131471927654584,0.6131471927654584,0.6131471927654584,0.6131471927654584,0.6131471927654584,0.6131471927654584
588,0.40298313359773236,0.37800210039683896,0.6131471927654584,0.23719771276929622,0.17723928678404774,0.38685280723454163,0.0,0.3065735963827292,0.38685280723454163,0.0,0.0,0.17723928678404774
5888,0.0,0.0,0.0,0.13565197343244778,0.0,0.0,0.0,0.0,0.0,0.0,0.0,0.0
5903,0.4742708106036133,0.636344241074302,0.24952583878244927,0.43629323812092147,0.297099899391038,0.19587129117873778,0.35256832412172806,0.48256607501657145,0.49886024151151387,0.4784707117900338,0.49834758809747415,0.4784707117900338
5906,0.3044671974905181,0.13565197343244778,0.0,0.4367467095119258,0.16716045496620227,0.15642624200758548,0.16716045496620227,0.0,0.0,0.13565197343244778,0.13565197343244778,0.14126697285982898
594,0.8932547230000344,0.8756458727267334,0.0,0.7030861797445797,0.7365896932159578,0.4763363265545566,0.9447176050778178,0.2622073738811406,0.29127873064148246,0.6984152163370878,0.5855700749881525,0.7030861797445797
5940,1.0,0.9609247825245575,0.6843515475204855,0.9896062251871525,1.0,1.0,1.0,0.9277589908435726,0.9277589908435726,0.9505310077117098,0.9505310077117098,0.9565912771023182
5951,0.48864468918810133,0.48864468918810133,0.28371255449703187,0.20641593223508903,0.3843113526044082,0.5033242827953464,0.2934556883974402,0.39375843764607193,0.40350157154648025,0.1884441521277154,0.1681522864689108,0.1884441521277154
5970,0.8643145546088337,0.756902106715231,0.6216966993238303,0.7183627972686238,0.7538142945344393,0.5766882048947064,0.7097402150304354,0.727329844310522,0.7151857987862356,0.9266360779006401,0.9266360779006401,0.9266360779006401
5981,0.0,0.0,0.0,0.0,0.0,0.0,0.0,0.0,0.0,0.0,0.0,0.0
5993,0.4440973278132557,0.3589542101716347,0.3340514446642156,0.2984900352767555,0.45186484096594276,0.30523488393970116,0.22009176629808017,0.5173633627401372,0.4537425745411855,0.47842151728792726,0.47842151728792726,0.4569970750177365
6002,0.3010299956639812,0.0,0.3562071871080222,0.3562071871080222,0.0,0.0,0.0,0.43067655807339306,0.38685280723454163,0.31546487678572877,0.31546487678572877,0.31546487678572877
6004,0.38685280723454163,1.0,0.0,1.0,1.0,1.0,1.0,0.2890648263178879,0.5,0.5,0.38685280723454163,0.5
6005,0.6447841584694202,0.7653606369886217,0.0,0.6447841584694202,0.8385465274895063,0.7039180890341347,0.6797310500037655,0.3171937659698004,0.34870224750355494,0.4367467095119258,0.4367467095119258,0.4367467095119258
6009,0.7598336331031966,0.7757386182436072,0.7757386182436072,0.6366824387328317,0.787702056960637,0.6366824387328317,0.7598336331031966,0.787702056960637,0.8048099750039491,0.8048099750039491,0.787702056960637,0.8048099750039491
603,0.0,0.0,0.3333333333333333,0.6309297535714575,1.0,0.3333333333333333,0.5,0.3333333333333333,0.3562071871080222,0.31546487678572877,0.31546487678572877,0.31546487678572877
604,0.6920165406831017,0.843706044175124,0.5205324778030481,0.6527851779961891,0.7896516194699384,0.7113187596895268,0.6796878192480581,0.823388603752021,0.8480740740411332,0.892210845475489,0.892210845475489,0.892210845475489
6041,0.6131471927654584,0.6131471927654584,0.6131471927654584,0.6131471927654584,0.6131471927654584,0.6131471927654584,0.6131471927654584,0.6131471927654584,0.6131471927654584,0.6131471927654584,0.6131471927654584,0.6131471927654584
6080,0.4170514755859909,0.4394940028217226,0.48835054676924156,0.3372352103225049,0.3197220782574701,0.09010000865236768,0.15958907712489634,0.5390031312763821,0.6121199697202919,0.2067880872529163,0.2067880872529163,0.2067880872529163
6110,0.6131471927654584,0.0,0.0,0.3065735963827292,0.6131471927654584,0.3065735963827292,0.6131471927654584,0.6131471927654584,0.0,0.6131471927654584,0.6131471927654584,0.6131471927654584
6121,0.46927872602275644,0.46927872602275644,0.46927872602275644,0.6257049680303419,0.46927872602275644,0.6508205185601091,0.46927872602275644,0.46927872602275644,0.46927872602275644,0.46927872602275644,0.46927872602275644,0.46927872602275644
6122,0.47870393709728,0.4729327934832575,0.22009176629808017,0.3542454231505416,0.5321408435198608,0.5677211578528083,0.5455206287241073,0.2934556883974402,0.2934556883974402,0.388244052766991,0.388244052766991,0.388244052766991
6131,0.38685280723454163,0.38685280723454163,0.6131471927654584,0.3065735963827292,0.21840743681816419,0.20438239758848611,0.21840743681816419,0.6131471927654584,0.6131471927654584,0.6131471927654584,0.6131471927654584,0.6131471927654584
6133,0.6131471927654584,0.6131471927654584,0.0,0.6131471927654584,0.6131471927654584,0.6131471927654584,0.6131471927654584,0.21840743681816419,0.20438239758848611,0.6131471927654584,0.6131471927654584,0.6131471927654584
6142,0.9197207891481876,1.0,0.38685280723454163,1.0,1.0,0.9197207891481876,1.0,0.8175295903539445,0.8065735963827293,1.0,1.0,1.0
6146,0.5855700749881525,0.6366824387328317,0.0,0.5413996682199069,0.6366824387328317,0.5294362295028773,0.7598336331031966,0.32531670832675136,0.36331756126716835,0.7495275800817669,0.6366824387328317,0.7495275800817669
6199,0.227804435066758,0.0,0.0,0.0,0.1208113026994942,0.0,0.21398626473452756,0.0,0.0,0.21398626473452756,0.0,0.21398626473452756
620,1.0,1.0,0.0,1.0,1.0,1.0,1.0,0.3562071871080222,0.38685280723454163,1.0,1.0,1.0
6219,0.8503449055347546,0.8175295903539445,1.0,1.0,1.0,1.0,1.0,1.0,1.0,0.9197207891481876,0.9197207891481876,0.9197207891481876
622,1.0,1.0,0.37800210039683896,0.6934264036172708,0.5706417189553201,0.9197207891481876,0.5437713091520254,0.5706417189553201,0.5706417189553201,0.20438239758848611,0.20438239758848611,0.20438239758848611
6221,0.6131471927654584,0.0,0.0,0.17723928678404774,0.0,0.0,0.0,0.20438239758848611,0.0,0.0,0.0,0.0
6252,0.12647135138382856,0.09010000865236768,0.0,0.0,0.0,0.0,0.0,0.07311683844390994,0.0,0.0,0.0,0.0
6262,0.0,0.0,0.0,0.0,0.0,0.0,0.0,0.0,0.0,0.0,0.0,0.0
6278,0.7653606369886217,0.46927872602275644,0.1480409554829326,0.4525081529734507,0.7653606369886217,0.7653606369886217,0.7653606369886217,0.4632423659320675,0.2960819109658652,0.7653606369886217,0.7653606369886217,0.7653606369886217
6395,0.6131471927654584,1.0,0.8315546295836225,0.6131471927654584,0.9197207891481876,1.0,0.7977228895450266,0.9197207891481876,1.0,0.9197207891481876,0.9197207891481876,0.9197207891481876
6410,0.0,0.0,0.0,0.0,0.0,0.0,0.0,0.0,0.0,0.0,0.0,0.0
6420,0.0,0.0,0.0,0.0,0.0,0.0,0.0,0.0,0.0,0.0,0.0,0.0
6441,0.6131471927654584,1.0,0.6131471927654584,1.0,0.8315546295836225,1.0,0.8772153153380493,0.7977228895450266,0.7903864795495061,0.9197207891481876,0.9197207891481876,0.9197207891481876
6467,0.3562071871080222,0.0,0.38685280723454163,0.31546487678572877,0.43067655807339306,0.6309297535714575,0.5,0.5,0.3333333333333333,0.0,0.0,0.0
6468,0.0,0.0,0.0,0.0,0.0,0.0,0.0,0.0,0.0,0.0,0.0,0.0
6479,0.38685280723454163,0.6131471927654584,0.6131471927654584,0.6131471927654584,0.6131471927654584,0.6131471927654584,0.6131471927654584,0.6131471927654584,0.6131471927654584,0.6131471927654584,0.6131471927654584,0.6131471927654584
6525,1.0,1.0,0.8175295903539445,0.8772153153380493,1.0,0.8315546295836225,1.0,1.0,1.0,1.0,1.0,1.0
6554,0.7653606369886217,0.41618115554873086,0.7039180890341347,0.7653606369886217,0.7039180890341347,0.6713860725233041,0.7039180890341347,0.7653606369886217,0.49818925746641285,0.7653606369886217,0.7653606369886217,0.7653606369886217
6562,0.6240505200038379,0.38685280723454163,0.23719771276929622,0.3065735963827292,0.6131471927654584,0.18457569677956817,0.3065735963827292,0.6131471927654584,0.6131471927654584,0.21840743681816419,0.21840743681816419,0.21840743681816419
659,0.9469024295259745,0.7653606369886217,0.0,0.6663732474096913,0.6364391809889587,0.7653606369886217,0.46927872602275644,0.5049197748991976,0.3235866969737877,0.7039180890341347,0.7039180890341347,0.7039180890341347
6611,0.0,0.0,0.0,0.0,0.29007579773858083,0.0,0.13905617951077562,0.0,0.0,0.11751610475642714,0.13012668333070054,0.11751610475642714
6612,0.6203974344166848,0.4954588824701808,0.40853591842579556,0.6114735274236563,0.5739723394665964,0.5271064966405455,0.4440973278132557,0.6816808362189438,0.6086182388744239,0.6172839611614819,0.6172839611614819,0.6172839611614819
6625,0.6131471927654584,0.8315546295836225,0.21840743681816419,1.0,0.38685280723454163,0.6934264036172708,1.0,0.38685280723454163,0.6131471927654584,0.6131471927654584,0.6131471927654584,0.6131471927654584
6629,0.23463936301137822,0.13565197343244778,0.0,0.0,0.0,0.16716045496620227,0.0,0.18154179253735267,0.0,0.2960819109658652,0.2960819109658652,0.2960819109658652
6635,0.43067655807339306,0.38685280723454163,0.0,0.5,0.5,0.5,0.43067655807339306,0.31546487678572877,0.31546487678572877,1.0,1.0,1.0
6644,0.0,0.0,0.0,0.0,0.0,0.0,0.0,0.0,0.0,0.0,0.0,0.0
6647,0.8318724637288826,0.6366824387328317,0.11284514134893527,0.3973220069685352,0.6366824387328317,0.6366824387328317,0.6366824387328317,0.6715263515506075,0.5294362295028773,0.6366824387328317,0.6366824387328317,0.6366824387328317
6668,0.0,0.0,0.0,0.0,0.0,0.0,0.0,0.0,0.0,0.0,0.0,0.0
6679,0.7653606369886217,0.7653606369886217,0.0,0.7653606369886217,0.46927872602275644,0.6713860725233041,0.46927872602275644,0.49818925746641285,0.49818925746641285,0.7653606369886217,0.9325210919548239,0.7653606369886217
6683,0.38685280723454163,0.18457569677956817,0.2640681225725909,0.38685280723454163,0.0,0.0,0.21840743681816419,0.6131471927654584,0.6131471927654584,0.3065735963827292,0.3065735963827292,0.3065735963827292
6713,0.41618115554873086,0.38268031849431083,0.370291336443826,0.4776237035032179,0.49818925746641285,0.6713860725233041,0.7039180890341347,0.4367467095119258,0.41618115554873086,0.2960819109658652,0.2960819109658652,0.2960819109658652
6715,1.0,0.0,0.0,0.0,0.18457569677956817,0.0,0.19342640361727081,0.48247555939075504,0.0,0.6131471927654584,0.6131471927654584,0.6131471927654584
672,0.2960819109658652,0.46927872602275644,0.2960819109658652,0.33775931993299535,0.46927872602275644,0.0,0.2960819109658652,0.46927872602275644,0.46927872602275644,0.46927872602275644,0.46927872602275644,0.46927872602275644
6746,0.6131471927654584,0.6131471927654584,0.6131471927654584,0.6131471927654584,0.6131471927654584,0.7903864795495061,0.6131471927654584,0.6131471927654584,0.6131471927654584,0.6131471927654584,0.6131471927654584,0.6131471927654584
6787,1.0,1.0,0.19342640361727081,0.8175295903539445,1.0,1.0,0.8772153153380493,0.6509209298071326,0.6509209298071326,0.8315546295836225,0.8315546295836225,0.8503449055347546
6792,0.0,0.20438239758848611,0.3065735963827292,0.0,0.0,0.0,0.0,0.21840743681816419,0.38685280723454163,0.18457569677956817,0.18457569677956817,0.18457569677956817
68,0.6131471927654584,0.6131471927654584,0.23719771276929622,0.0,0.38685280723454163,0.6131471927654584,0.3065735963827292,0.6131471927654584,0.6131471927654584,0.38685280723454163,0.38685280723454163,0.38685280723454163
6800,0.6131471927654584,0.38685280723454163,0.0,0.6131471927654584,0.6131471927654584,0.6131471927654584,0.38685280723454163,0.21840743681816419,0.19342640361727081,0.21840743681816419,0.21840743681816419,0.21840743681816419
6803,0.0,0.0,0.0,0.0,0.0,0.0,0.0,0.0,0.0,0.0,0.0,0.0
6807,0.0,0.0,0.0,0.0,0.0,0.0,0.0,0.0,0.0,0.0,0.0,0.0
6814,0.0,0.0,0.0,0.0,0.0,0.0,0.0,0.0,0.0,0.0,0.0,0.0
6832,1.0,1.0,0.0,1.0,1.0,0.43067655807339306,1.0,1.0,1.0,1.0,1.0,1.0
6835,0.7095272044910244,0.7087212693585175,0.2741708125981702,0.5855700749881525,0.553486104522623,0.44149241373678083,0.3973220069685352,0.5272750663607827,0.36331756126716835,0.29007579773858083,0.29007579773858083,0.29007579773858083
684,0.6366824387328317,0.5135312443624667,0.3903800499921017,0.6975637657739948,0.8547529378296287,0.5205067333228022,0.810582531061383,0.6975637657739948,0.3764290720714305,1.0,1.0,1.0
6849,1.0,1.0,0.6309297535714575,1.0,1.0,1.0,1.0,1.0,1.0,1.0,1.0,1.0
6862,0.0,0.0,0.0,0.0,0.0,0.0,0.0,0.0,0.0,0.0,0.0,0.0
6867,0.0,0.20438239758848611,0.0,0.38685280723454163,0.0,0.2640681225725909,0.6131471927654584,0.0,0.0,0.17723928678404774,0.17723928678404774,0.17723928678404774
687,0.16958010263680806,0.14606834984270645,0.0,0.0,0.10699313236726378,0.0,0.09803928583135704,0.10209739512291163,0.10209739512291163,0.0,0.0,0.0
6875,0.2640681225725909,0.2640681225725909,0.17723928678404774,0.6131471927654584,0.3065735963827292,0.38685280723454163,0.6131471927654584,0.6131471927654584,0.6131471927654584,0.6131471927654584,0.6131471927654584,0.6131471927654584
689,1.0,1.0,1.0,1.0,1.0,1.0,1.0,1.0,1.0,1.0,1.0,1.0
6890,0.0,0.43067655807339306,0.0,0.0,0.0,0.0,0.0,0.0,0.3010299956639812,0.0,0.0,0.0
6891,0.0,0.0,1.0,0.0,0.0,0.2890648263178879,0.0,0.43067655807339306,0.38685280723454163,0.38685280723454163,0.38685280723454163,0.38685280723454163
6896,1.0,1.0,0.0,1.0,1.0,0.6309297535714575,0.6309297535714575,0.3562071871080222,0.3562071871080222,1.0,1.0,1.0
6901,0.4595030867583783,0.26014148548235916,0.0,0.22018418776246546,0.09162544430476362,0.33540029179213887,0.38121301394452073,0.13743816645714543,0.09162544430476362,0.20424960638019762,0.10633668103022985,0.20424960638019762
6907,0.17723928678404774,0.0,0.0,0.0,0.0,0.0,0.0,0.0,0.0,0.0,0.0,0.0
6909,0.0,0.0,0.43067655807339306,0.0,0.0,0.0,0.0,0.3562071871080222,0.3562071871080222,0.0,0.0,0.0
691,0.0,0.0,0.0,0.0,0.0,0.18457569677956817,0.0,0.0,0.0,0.0,0.0,0.0
6959,0.0,0.0,0.0,0.0,0.0,0.0,0.0,0.0,0.0,0.0,0.0,0.0
6985,0.6509209298071326,0.8503449055347546,0.0,0.6131471927654584,0.17723928678404774,0.6131471927654584,0.0,0.45749452618986164,0.2640681225725909,0.5640920940185894,0.5714285040141098,0.5640920940185894
699,1.0,1.0,0.5,1.0,1.0,1.0,1.0,1.0,1.0,1.0,1.0,1.0
701,0.3065735963827292,0.0,0.0,0.20438239758848611,0.0,0.0,0.0,0.19342640361727081,0.0,0.0,0.0,0.0
7017,0.46927872602275644,0.46927872602275644,0.46927872602275644,0.1480409554829326,0.46927872602275644,0.6364391809889587,0.49818925746641285,0.46927872602275644,0.46927872602275644,0.46927872602275644,0.46927872602275644,0.46927872602275644
7068,0.0,0.0,0.0,0.0,0.0,0.0,0.0,0.0,0.0,0.0,0.0,0.0
7071,0.20438239758848611,0.0,0.18457569677956817,0.17723928678404774,0.3065735963827292,0.0,0.0,0.3065735963827292,0.3065735963827292,0.20438239758848611,0.20438239758848611,0.20438239758848611
7080,0.0,0.0,0.0,0.0,0.0,0.0,0.0,0.0,0.0,0.0,0.0,0.0
7096,0.0,0.0,0.0,0.0,0.0,0.0,0.0,0.0,0.0,0.0,0.0,0.0
7098,1.0,0.38685280723454163,1.0,0.2890648263178879,0.43067655807339306,0.5,0.3333333333333333,1.0,1.0,1.0,1.0,1.0
7105,0.6131471927654584,0.6131471927654584,0.0,0.6131471927654584,0.0,0.38685280723454163,0.21840743681816419,0.2640681225725909,0.3065735963827292,0.19342640361727081,0.19342640361727081,0.19342640361727081
7109,1.0,1.0,0.5,1.0,1.0,1.0,1.0,1.0,1.0,1.0,1.0,1.0
7124,1.0,1.0,0.0,0.6309297535714575,1.0,0.6309297535714575,1.0,0.38685280723454163,0.3562071871080222,1.0,1.0,1.0
7141,0.14126697285982898,0.0,0.0,0.0,0.0,0.0,0.0,0.0,0.0,0.0,0.0,0.0
7145,0.0,0.0,0.0,0.0,0.0,0.0,0.0,0.0,0.0,0.0,0.0,0.0
715,0.43067655807339306,0.31546487678572877,0.0,0.0,0.38685280723454163,0.0,0.0,0.0,0.0,1.0,1.0,1.0
7178,0.23719771276929622,0.6131471927654584,0.5640920940185894,0.0,0.38685280723454163,0.38685280723454163,0.6131471927654584,0.5437713091520254,0.5802792108518124,0.5640920940185894,0.5640920940185894,0.5640920940185894
7188,0.0,0.0,0.18457569677956817,0.0,0.0,0.0,0.0,0.0,0.18457569677956817,0.0,0.0,0.0
7205,0.9197207891481876,1.0,0.3065735963827292,1.0,0.8315546295836225,0.7977228895450266,0.6131471927654584,0.5714285040141098,0.7977228895450266,1.0,1.0,1.0
7206,0.3562071871080222,0.38685280723454163,0.0,0.0,0.0,1.0,0.31546487678572877,0.0,0.0,0.5,0.5,0.5
721,1.0,1.0,0.6309297535714575,1.0,1.0,1.0,1.0,1.0,1.0,1.0,1.0,1.0
7218,0.6131471927654584,0.8315546295836225,0.0,0.8065735963827293,0.6131471927654584,0.6131471927654584,0.6131471927654584,0.19342640361727081,0.19342640361727081,0.6131471927654584,0.6131471927654584,0.6131471927654584
7221,0.6309297535714575,0.5,0.3333333333333333,0.6309297535714575,0.43067655807339306,0.43067655807339306,0.5,0.5,0.5,0.0,0.0,0.0
7269,0.34337431936037655,0.370291336443826,0.6049306994552042,0.38364913903790027,0.431733884398313,0.33775931993299535,0.3295827480202853,0.38364913903790027,0.38364913903790027,0.18154179253735267,0.18154179253735267,0.18154179253735267
7279,0.6333518746717375,0.7668091220635322,0.24630238874073,0.5294362295028773,0.5585075862632192,0.3903800499921017,0.6366824387328317,0.3903800499921017,0.5413996682199069,0.5135312443624667,0.5135312443624667,0.5078961547485289
7295,0.0,0.0,0.0,0.0,0.3065735963827292,0.3065735963827292,0.3065735963827292,0.0,0.0,0.0,0.0,0.0
7311,0.5307212739772434,0.4776237035032179,0.0,0.13565197343244778,0.49818925746641285,0.13565197343244778,0.5307212739772434,0.2769189462922768,0.14126697285982898,0.23463936301137822,0.20210734650054757,0.23463936301137822
7326,0.0,0.0,0.0,0.0,0.0,0.0,0.0,0.0,0.0,0.0,0.0,0.0
7329,0.43067655807339306,1.0,0.0,0.5,0.5,0.5,0.5,0.2890648263178879,0.3333333333333333,0.38685280723454163,0.38685280723454163,0.3562071871080222
7344,0.31546487678572877,1.0,0.2890648263178879,0.0,0.3333333333333333,0.6309297535714575,0.5,0.6309297535714575,0.6309297535714575,0.6309297535714575,0.6309297535714575,0.6309297535714575
7345,1.0,1.0,0.0,1.0,1.0,1.0,1.0,0.38685280723454163,0.3562071871080222,1.0,1.0,1.0
7377,0.0,0.0,0.0,0.0,0.0,0.0,0.0,0.0,0.0,0.0,0.0,0.0
7431,1.0,1.0,0.43067655807339306,1.0,1.0,1.0,1.0,1.0,1.0,1.0,1.0,1.0
744,0.0,0.0,0.0,0.0,0.0,0.0,0.0,0.0,0.0,0.0,0.0,0.0
7441,0.5,1.0,0.0,0.38685280723454163,0.31546487678572877,0.0,0.31546487678572877,0.2890648263178879,0.2890648263178879,0.3562071871080222,0.3562071871080222,0.3562071871080222
7445,0.0,0.0,0.0,0.0,0.0,0.0,0.0,0.0,0.0,0.0,0.0,0.0
7448,0.0,0.0,0.0,0.31546487678572877,0.0,0.3562071871080222,0.0,0.0,0.0,0.0,0.0,0.0
7456,0.5716190970674814,0.33424620450682646,0.0,0.7598336331031966,0.5543375550857161,0.7541985434892589,0.5585075862632192,0.2303612461053624,0.11751610475642714,0.28097267762005274,0.29127873064148246,0.28097267762005274
7463,0.0,0.0,0.0,0.0,0.0,0.0,0.0,0.0,0.0,0.0,0.0,0.0
7467,0.3010299956639812,0.6309297535714575,0.0,0.0,0.0,0.38685280723454163,0.3562071871080222,0.0,0.43067655807339306,1.0,1.0,1.0
7484,0.0,0.0,0.0,0.0,0.0,0.0,0.0,0.0,0.0,0.0,0.0,0.0
750,0.6366824387328317,0.6366824387328317,0.3191471544989227,0.5855700749881525,0.369453583111095,0.5032251913410369,0.5855700749881525,0.6366824387328317,0.6366824387328317,0.5855700749881525,0.5855700749881525,0.5855700749881525
7509,0.7977228895450266,0.38685280723454163,0.0,0.6131471927654584,0.6131471927654584,0.6131471927654584,0.6131471927654584,0.19342640361727081,0.20438239758848611,0.6131471927654584,0.6131471927654584,0.6131471927654584
7512,0.38685280723454163,0.3065735963827292,0.6131471927654584,0.6131471927654584,0.38685280723454163,0.38685280723454163,0.38685280723454163,0.6131471927654584,0.6131471927654584,0.38685280723454163,0.38685280723454163,0.38685280723454163
7513,0.18154179253735267,0.33775931993299535,0.0,0.23463936301137822,0.20210734650054757,0.18154179253735267,0.46927872602275644,0.0,0.0,0.2960819109658652,0.23463936301137822,0.2960819109658652
7529,0.43067655807339306,0.3333333333333333,0.0,0.31546487678572877,0.0,0.6309297535714575,0.0,0.31546487678572877,0.0,0.6309297535714575,0.6309297535714575,0.6309297535714575
753,0.5,0.6934264036172708,0.0,0.3065735963827292,0.5012658353418871,0.5,0.448643819352159,0.0,0.18457569677956817,0.5,0.5,0.5912352048230277
7533,0.0,0.0,0.0,0.0,0.0,0.0,0.0,0.0,0.0,0.43067655807339306,0.5,0.43067655807339306
7534,0.46927872602275644,0.23463936301137822,0.0,0.0,0.2960819109658652,0.0,0.2960819109658652,0.20210734650054757,0.15642624200758548,0.0,0.0,0.0
7590,0.4367467095119258,0.20210734650054757,0.23463936301137822,0.38268031849431083,0.2960819109658652,0.14126697285982898,0.3171937659698004,0.4441228664487979,0.38268031849431083,0.13565197343244778,0.13565197343244778,0.13565197343244778
7592,0.0,0.0,0.0,0.0,0.0,0.0,0.0,0.0,0.0,0.0,0.0,0.0
7594,1.0,1.0,0.3562071871080222,1.0,0.6309297535714575,1.0,0.6309297535714575,1.0,0.6309297535714575,1.0,1.0,1.0
7622,0.0,0.0,0.0,0.0,0.0,0.0,0.0,0.0,0.0,0.0,0.0,0.0
7633,0.48522855511632257,0.3391602052736161,0.0,0.3391602052736161,0.13120507751234178,0.3347975674340217,0.14606834984270645,0.31608365985743925,0.21398626473452756,0.14606834984270645,0.16958010263680806,0.14606834984270645
766,0.18873103118020404,0.21657136003619623,0.0761433407173835,0.45973079002057343,0.35079429740281753,0.15958907712489634,0.37941405415148566,0.32605954121156705,0.2529427027676571,0.249689085777264,0.249689085777264,0.1821658288910461
7674,1.0,0.38685280723454163,0.6309297535714575,0.6309297535714575,0.5,0.43067655807339306,0.43067655807339306,1.0,1.0,0.6309297535714575,0.6309297535714575,0.6309297535714575
7700,1.0,1.0,0.43067655807339306,1.0,1.0,1.0,1.0,0.6309297535714575,1.0,1.0,1.0,1.0
7702,0.5802792108518124,0.8503449055347546,0.6131471927654584,0.5640920940185894,0.8175295903539445,0.7977228895450266,0.6131471927654584,0.6131471927654584,0.7903864795495061,0.8772153153380493,0.8772153153380493,0.8772153153380493
7705,0.0,0.0,0.0,0.0,0.0,0.0,0.0,0.0,0.0,0.0,0.0,0.0
7734,0.0,0.0,0.0,0.0,0.0,0.0,0.0,0.0,0.0,0.0,0.0,0.0
7747,0.0,0.0,0.0,0.0,0.0,0.0,0.0,0.0,0.0,0.0,0.0,0.0
7754,0.18457569677956817,0.0,0.23719771276929622,0.0,0.6131471927654584,0.20438239758848611,0.21840743681816419,0.2640681225725909,0.2640681225725909,0.20438239758848611,0.20438239758848611,0.21840743681816419
7758,0.38685280723454163,0.38685280723454163,0.0,0.17723928678404774,0.0,0.2640681225725909,0.0,0.23719771276929622,0.23719771276929622,0.6131471927654584,0.6131471927654584,0.6131471927654584
776,1.0,1.0,1.0,1.0,1.0,1.0,1.0,1.0,1.0,1.0,1.0,1.0
7801,0.0,0.0,0.19342640361727081,0.0,0.0,0.0,0.0,0.6131471927654584,0.0,0.2640681225725909,0.0,0.2640681225725909
7803,0.46927872602275644,0.2960819109658652,0.46927872602275644,0.46927872602275644,0.46927872602275644,0.46927872602275644,0.2960819109658652,0.46927872602275644,0.46927872602275644,0.46927872602275644,0.6105456988825855,0.46927872602275644
7823,0.8503449055347546,0.8503449055347546,0.23719771276929622,0.5437713091520254,0.8175295903539445,0.6934264036172708,0.9197207891481876,0.5802792108518124,0.5912352048230277,0.8315546295836225,0.8175295903539445,0.8315546295836225
7876,0.0,0.0,0.0,0.2890648263178879,0.0,0.0,0.0,0.0,0.0,0.0,0.0,0.0
7879,1.0,0.0,0.0,0.0,0.0,0.0,0.0,0.43067655807339306,0.0,0.2890648263178879,0.2890648263178879,0.2890648263178879
7880,0.0,0.0,0.0,0.0,0.0,0.0,0.0,0.0,0.0,0.0,0.0,0.0
7911,0.5032251913410369,0.5413996682199069,0.5032251913410369,0.3903800499921017,0.3903800499921017,0.5135312443624667,0.3903800499921017,0.5294362295028773,0.3903800499921017,0.3903800499921017,0.3903800499921017,0.3903800499921017
7925,0.20210734650054757,0.0,0.0,0.2960819109658652,0.46927872602275644,0.7653606369886217,0.46927872602275644,0.1480409554829326,0.0,0.13565197343244778,0.0,0.14126697285982898
7928,0.0,0.0,0.0,0.0,0.0,0.18154179253735267,0.0,0.0,0.0,0.0,0.0,0.0
7936,0.0,0.0,0.0,0.0,0.123151194370365,0.0,0.0,0.0,0.0,0.0,0.0,0.0
7992,0.2640681225725909,0.23719771276929622,0.0,0.5249810332008933,0.3065735963827292,0.39780880120575696,0.3889580943680543,0.0,0.17723928678404774,0.3706656904013186,0.3706656904013186,0.3706656904013186
8,0.3065735963827292,0.17723928678404774,0.23719771276929622,0.0,0.20438239758848611,0.6131471927654584,0.21840743681816419,0.6131471927654584,0.3065735963827292,0.21840743681816419,0.23719771276929622,0.21840743681816419
8002,0.46927872602275644,0.2960819109658652,0.20210734650054757,0.46927872602275644,0.13565197343244778,0.7653606369886217,0.16716045496620227,0.2960819109658652,0.23463936301137822,0.6713860725233041,0.6713860725233041,0.6713860725233041
8005,0.38685280723454163,0.6131471927654584,0.6131471927654584,0.38685280723454163,0.38685280723454163,0.5,0.38685280723454163,0.6131471927654584,0.6131471927654584,0.6131471927654584,0.6131471927654584,0.6131471927654584
8013,0.38685280723454163,0.0,0.0,0.0,0.0,0.38685280723454163,0.0,0.20438239758848611,0.0,0.0,0.0,0.0
8017,0.5,0.5,0.0,0.38685280723454163,0.3562071871080222,0.6309297535714575,0.6309297535714575,0.31546487678572877,0.31546487678572877,0.0,0.0,0.0
8034,1.0,1.0,0.0,1.0,0.3333333333333333,0.0,0.0,0.38685280723454163,0.3333333333333333,1.0,1.0,0.5
8040,0.4936790360674166,0.31488013066763093,0.22009176629808017,0.2863459897524692,0.33013764944712026,0.3589542101716347,0.30523488393970116,0.2863459897524692,0.22009176629808017,0.4690000933206748,0.4690000933206748,0.4690000933206748
8072,0.6131471927654584,0.6131471927654584,0.6131471927654584,0.0,0.6131471927654584,0.6131471927654584,0.6131471927654584,1.0,1.0,0.6131471927654584,1.0,1.0
8079,0.37800210039683896,0.17723928678404774,0.0,0.0,0.0,0.0,0.21840743681816419,0.0,0.0,0.0,0.0,0.0
810,1.0,1.0,0.0,0.6309297535714575,1.0,1.0,1.0,0.5,0.43067655807339306,1.0,1.0,1.0
8102,0.7653606369886217,0.3379680345449381,0.46927872602275644,0.18154179253735267,0.6105456988825855,0.6713860725233041,0.6508205185601091,0.6364391809889587,0.46927872602275644,0.6713860725233041,0.6713860725233041,0.6713860725233041
8116,0.5,0.3333333333333333,0.31546487678572877,0.5,0.3333333333333333,0.38685280723454163,0.3010299956639812,0.6309297535714575,0.43067655807339306,1.0,1.0,1.0
8121,0.0,0.13565197343244778,0.0,0.13565197343244778,0.20210734650054757,0.0,0.46927872602275644,0.0,0.0,0.0,0.0,0.0
813,0.0,0.11751610475642714,0.0,0.0,0.13905617951077562,0.0,0.0,0.0,0.0,0.16812753627111746,0.15101961822780524,0.16812753627111746
8202,0.0,0.0,0.0,0.38685280723454163,0.0,0.45749452618986164,0.0,0.0,0.0,0.6131471927654584,0.0,0.6131471927654584
8230,1.0,0.8772153153380493,0.6131471927654584,1.0,1.0,1.0,0.8772153153380493,0.8315546295836225,0.8065735963827293,1.0,1.0,1.0
8247,0.0,0.0,0.0,0.10778915452451093,0.0,0.19092086617893467,0.0,0.0,0.0,0.0,0.10086747116627115,0.0
8271,0.16812753627111746,0.13012668333070054,0.0,0.16812753627111746,0.0,0.0,0.0,0.13012668333070054,0.0,0.0,0.0,0.0
8275,0.7039180890341347,0.7039180890341347,0.3379680345449381,0.4367467095119258,0.4367467095119258,0.5833416105149332,0.4367467095119258,0.5307212739772434,0.6713860725233041,0.37590633587120725,0.370291336443826,0.37590633587120725
8296,0.2640681225725909,0.0,0.0,0.0,0.17723928678404774,0.3065735963827292,0.38685280723454163,0.18457569677956817,0.0,0.3065735963827292,0.3065735963827292,0.3065735963827292
8332,0.6131471927654584,0.6131471927654584,0.6131471927654584,0.6131471927654584,0.6131471927654584,0.6131471927654584,0.6131471927654584,0.6131471927654584,0.6131471927654584,0.6131471927654584,0.6131471927654584,0.6131471927654584
8351,0.7039180890341347,0.6713860725233041,0.23463936301137822,0.20210734650054757,0.4632423659320675,0.6257049680303419,0.617319681505689,0.617319681505689,0.617319681505689,0.6713860725233041,0.6713860725233041,0.6713860725233041
8378,0.6309297535714575,0.31546487678572877,0.0,0.0,0.0,0.0,0.0,0.3333333333333333,0.0,0.0,0.0,0.0
8456,0.0,0.0,0.0,0.0,0.0,0.0,0.0,0.0,0.0,0.0,0.0,0.0
8475,1.0,1.0,0.0,0.3333333333333333,0.5,0.6309297535714575,0.3010299956639812,0.6309297535714575,0.5,0.5,0.6309297535714575,0.5
849,0.6131471927654584,0.6131471927654584,0.23719771276929622,0.3065735963827292,0.38685280723454163,0.20438239758848611,0.6131471927654584,0.6131471927654584,0.6131471927654584,0.6131471927654584,0.6131471927654584,0.6131471927654584
8507,0.0,0.0,0.0,0.0,0.0,0.0,0.0,0.0,0.0,0.0,0.0,0.0
8512,0.6309297535714575,0.5,1.0,0.6309297535714575,0.6309297535714575,0.38685280723454163,0.6309297535714575,0.6309297535714575,0.6309297535714575,0.6309297535714575,0.6309297535714575,0.6309297535714575
8513,0.7039180890341347,0.46927872602275644,0.617319681505689,0.49818925746641285,0.3295827480202853,0.20210734650054757,0.4632423659320675,0.7039180890341347,0.6713860725233041,0.6508205185601091,0.6508205185601091,0.6508205185601091
852,0.0,0.0,0.0,0.0,0.0,0.0,0.0,0.0,0.0,0.0,0.0,0.0
853,0.6309297535714575,1.0,0.6309297535714575,1.0,1.0,0.6309297535714575,1.0,1.0,1.0,1.0,1.0,1.0
8532,1.0,0.9674679834891693,0.2960819109658652,0.38268031849431083,0.5307212739772434,0.8278123145308894,0.8395700624665824,0.7737459235132744,0.7988614740430418,0.8072467605676945,0.8385465274895063,0.8072467605676945
8537,1.0,1.0,0.0,0.0,0.0,0.0,0.0,0.43067655807339306,0.43067655807339306,0.5,0.5,0.5
8539,0.19519002499605084,0.0,0.0,0.15101961822780524,0.15101961822780524,0.0,0.13905617951077562,0.123151194370365,0.0,0.0,0.0,0.0
8544,0.5802792108518124,0.6131471927654584,0.0,0.38685280723454163,0.5714285040141098,0.5012658353418871,0.44130740935663865,0.19342640361727081,0.21840743681816419,0.430624116386567,0.430624116386567,0.430624116386567
858,0.6309297535714575,0.31546487678572877,0.0,0.0,0.0,0.3010299956639812,0.6309297535714575,0.3562071871080222,0.0,0.38685280723454163,0.43067655807339306,0.38685280723454163
859,1.0,0.0,0.0,0.43067655807339306,0.5,1.0,0.5,0.3562071871080222,0.0,0.5,0.5,0.5
8592,0.5,0.5,0.0,0.6309297535714575,1.0,0.3333333333333333,1.0,0.3562071871080222,0.3562071871080222,1.0,1.0,1.0
8632,0.6131471927654584,0.23719771276929622,0.0,0.3065735963827292,0.18457569677956817,0.19342640361727081,0.0,0.38685280723454163,0.18457569677956817,0.5714285040141098,0.38685280723454163,0.5802792108518124
8635,0.0,0.0,0.0,0.0,0.0,0.0,0.0,0.0,0.0,0.0,0.0,0.0
864,0.43067655807339306,1.0,1.0,0.5,0.6309297535714575,1.0,0.43067655807339306,1.0,1.0,0.6309297535714575,0.6309297535714575,0.6309297535714575
8702,0.0,0.21840743681816419,0.0,0.21840743681816419,0.0,0.6131471927654584,0.0,0.0,0.0,0.0,0.0,0.0
8779,0.0,0.0,0.0,0.16812753627111746,0.0,0.0,0.0,0.0,0.0,0.0,0.0,0.0
8789,0.6131471927654584,0.6131471927654584,0.6131471927654584,0.6131471927654584,0.6131471927654584,0.6131471927654584,0.6131471927654584,0.6131471927654584,0.6131471927654584,0.6131471927654584,0.6131471927654584,0.6131471927654584
879,1.0,1.0,0.0,1.0,1.0,0.5,1.0,0.5,0.43067655807339306,1.0,1.0,1.0
8795,0.0,0.43067655807339306,0.0,0.0,0.0,0.0,0.0,0.0,0.3010299956639812,0.0,0.0,0.0
8832,1.0,1.0,0.6052602440527057,1.0,1.0,1.0,0.9197207891481876,1.0,1.0,1.0,1.0,1.0
8834,0.7039180890341347,0.6049306994552042,0.0,0.5391065605018962,0.18154179253735267,0.7653606369886217,0.15642624200758548,0.3084274278260313,0.15642624200758548,0.9060254355346823,0.9060254355346823,0.9060254355346823
885,0.0,0.3903800499921017,0.0,0.16812753627111746,0.13905617951077562,0.0,0.0,0.0,0.24630238874073,0.3903800499921017,0.5413996682199069,0.3903800499921017
8855,0.0,0.0,0.23719771276929622,0.0,0.0,0.0,0.0,0.6131471927654584,0.3065735963827292,0.3065735963827292,0.3065735963827292,0.3065735963827292
8874,0.46927872602275644,0.2960819109658652,0.0,0.46927872602275644,0.18154179253735267,0.2960819109658652,0.20210734650054757,0.13565197343244778,0.14126697285982898,0.0,0.0,0.0
89,0.2960819109658652,0.0,0.0,0.0,0.23463936301137822,0.0,0.23463936301137822,0.18154179253735267,0.0,0.46927872602275644,0.46927872602275644,0.46927872602275644
8934,0.46927872602275644,0.46927872602275644,0.2960819109658652,0.0,0.46927872602275644,0.16716045496620227,0.46927872602275644,0.46927872602275644,0.46927872602275644,0.46927872602275644,0.46927872602275644,0.46927872602275644
8937,0.9020870746500321,0.9020870746500321,0.5546406709327603,0.8020378746650065,0.9083745556952364,0.8887517031591262,0.9083745556952364,0.8435385085913266,0.8547376054471746,0.9083745556952364,0.9083745556952364,0.9083745556952364
8947,0.31546487678572877,0.0,0.0,0.43067655807339306,0.0,0.0,0.0,0.0,0.0,0.0,0.0,0.0
895,0.5413996682199069,0.3903800499921017,0.29007579773858083,0.3903800499921017,0.3903800499921017,0.6366824387328317,0.5855700749881525,0.5855700749881525,0.5585075862632192,0.5135312443624667,0.5294362295028773,0.5078961547485289
8959,0.0,0.15642624200758548,0.0,0.13565197343244778,0.0,0.2960819109658652,0.0,0.0,0.0,0.0,0.0,0.0
8970,0.0,0.3333333333333333,0.0,0.5,0.2890648263178879,0.0,0.2890648263178879,0.0,0.0,0.0,0.0,0.0
8974,0.0,0.0,0.0,0.0,0.0,0.0,0.0,0.0,0.0,0.0,0.0,0.0
8982,0.8529278650606567,0.7720911544214064,0.8854598815714874,0.7039180890341347,0.8854598815714874,0.8519590445170673,0.9060254355346823,1.0,0.9060254355346823,0.8278123145308894,0.8529278650606567,0.8194270280062366
90,0.0,0.0,0.0,0.0,0.0,0.0,0.0,0.0,0.0,0.0,0.0,0.0
904,1.0,0.3333333333333333,0.0,0.0,0.38685280723454163,0.0,0.0,0.3562071871080222,0.0,1.0,1.0,1.0
9060,0.3065735963827292,0.0,0.0,0.0,0.2640681225725909,0.0,0.21840743681816419,0.19342640361727081,0.0,0.21840743681816419,0.21840743681816419,0.21840743681816419
9088,0.15642624200758548,0.0,0.0,0.0,0.16716045496620227,0.20210734650054757,0.2960819109658652,0.0,0.0,0.6394562303262419,0.6338412308988606,0.6394562303262419
9108,1.0,0.5,0.0,0.0,0.6309297535714575,0.5,0.38685280723454163,0.3333333333333333,0.3010299956639812,0.0,0.0,0.0
9115,0.2811463015585058,0.15101961822780524,0.0,0.19519002499605084,0.0,0.11284514134893527,0.0,0.11751610475642714,0.0,0.0,0.0,0.0
9126,1.0,0.9197207891481876,0.23719771276929622,1.0,0.6240505200038379,0.21840743681816419,0.3065735963827292,0.8315546295836225,0.8065735963827293,1.0,1.0,1.0
9164,0.3903800499921017,0.0,0.0,0.0,0.13012668333070054,0.3903800499921017,0.15101961822780524,0.24630238874073,0.0,0.0,0.0,0.0
9174,0.6131471927654584,0.38685280723454163,0.0,0.20438239758848611,0.19342640361727081,0.0,0.0,0.3065735963827292,0.21840743681816419,0.0,0.0,0.0
9188,0.2769189462922768,0.0,0.23463936301137822,0.20210734650054757,0.35853358850813305,0.0,0.38364913903790027,0.23463936301137822,0.16716045496620227,0.6049306994552042,0.2960819109658652,0.2960819109658652
9245,0.6131471927654584,0.6131471927654584,0.23719771276929622,0.2640681225725909,0.6131471927654584,0.38685280723454163,0.6131471927654584,0.6131471927654584,0.6131471927654584,0.38685280723454163,0.38685280723454163,0.38685280723454163
9275,0.0,0.0,0.0,0.0,0.0,0.0,0.0,0.0,0.0,0.0,0.0,0.0
928,0.0,0.0,0.0,0.0,0.23719771276929622,0.6131471927654584,0.0,0.0,0.0,0.0,0.0,0.0
929,0.123151194370365,0.123151194370365,0.0,0.13012668333070054,0.3903800499921017,0.15101961822780524,0.24630238874073,0.0,0.0,0.3903800499921017,0.3903800499921017,0.3903800499921017
9291,0.7618870795651185,0.7316362001126298,0.3894141271842883,0.7751482523375255,0.7751482523375255,0.7618870795651185,0.7402849195166222,0.7456919575934261,0.7247145167543899,0.7409096387260823,0.7409096387260823,0.7316362001126298
9296,0.7039180890341347,0.5307212739772434,0.7039180890341347,0.34337431936037655,0.7039180890341347,0.7653606369886217,0.6713860725233041,0.7653606369886217,0.7039180890341347,0.5307212739772434,0.5307212739772434,0.5307212739772434
932,0.3235866969737877,0.36926780146674987,0.0,0.2960819109658652,0.6713860725233041,0.46927872602275644,0.2836929289153804,0.0,0.1480409554829326,0.4367467095119258,0.5307212739772434,0.38364913903790027
9329,0.21840743681816419,0.23719771276929622,0.0,0.4227898344066503,0.20438239758848611,0.17723928678404774,0.0,0.0,0.17723928678404774,0.19342640361727081,0.19342640361727081,0.19342640361727081
9332,0.7653606369886217,0.7653606369886217,0.7653606369886217,0.7653606369886217,0.7653606369886217,0.7653606369886217,0.9217868789962071,0.7653606369886217,0.7653606369886217,0.7653606369886217,0.7653606369886217,0.7653606369886217
9381,1.0,0.6309297535714575,0.6309297535714575,1.0,1.0,1.0,1.0,1.0,1.0,1.0,1.0,1.0
9385,1.0,1.0,1.0,1.0,1.0,1.0,1.0,1.0,1.0,1.0,1.0,1.0
939,0.3894141271842883,0.4034698846650846,0.0,0.5493640533376876,0.644824486427155,0.5943907508440193,0.644824486427155,0.0874717141014082,0.09109240322345806,0.20453430723937174,0.19526086862591913,0.20453430723937174
9391,1.0,1.0,0.43067655807339306,1.0,1.0,1.0,1.0,1.0,1.0,1.0,1.0,1.0
94,0.13120507751234178,0.16958010263680806,0.0,0.13120507751234178,0.0,0.0,0.0,0.10209739512291163,0.11305340175787204,0.11305340175787204,0.10209739512291163,0.10699313236726378
9403,0.5809949937791563,0.5449960234716782,0.0,0.5499887725471476,0.379260051446614,0.5842273861585908,0.4998087494141716,0.4539036202482202,0.41966500663677697,0.30260241349881345,0.30260241349881345,0.30260241349881345
945,1.0,1.0,0.9709286432396583,1.0,1.0,0.9493885684853097,0.9709286432396583,1.0,1.0,0.9558295932317544,0.9558295932317544,0.9558295932317544
9481,0.0,0.0,0.0,0.0,0.0,0.0,0.0,0.0,0.0,0.0,0.0,0.0
9487,0.0,0.0,0.0,0.0,0.0,0.0,0.0,0.0,0.0,0.0,0.0,0.0
9548,0.5,0.0,0.3562071871080222,0.0,0.0,0.0,0.38685280723454163,0.5,0.3562071871080222,0.43067655807339306,0.43067655807339306,0.43067655807339306
9556,0.2816249726597774,0.286381299268402,0.2816249726597774,0.23811292043488155,0.23811292043488155,0.09546043308946733,0.36909668676118557,0.4221121032555764,0.41966500663677697,0.19092086617893467,0.19092086617893467,0.19092086617893467
9565,0.6052602440527057,0.6131471927654584,0.0,0.0,0.20438239758848611,0.38685280723454163,0.0,0.0,0.18457569677956817,0.23719771276929622,0.23719771276929622,0.23719771276929622
957,0.0,0.0,0.0,0.0,0.0,0.0,0.0,0.0,0.0,0.0,0.0,0.0
9598,0.0,0.0,0.0,0.0,0.0,0.0,0.0,0.0,0.0,0.0,0.0,0.0
9617,0.38685280723454163,0.23719771276929622,0.0,0.6131471927654584,0.38685280723454163,0.23719771276929622,0.38685280723454163,0.20438239758848611,0.17723928678404774,0.0,0.0,0.17723928678404774
9633,1.0,1.0,0.38685280723454163,0.6309297535714575,0.5,1.0,0.6309297535714575,0.6309297535714575,0.6309297535714575,1.0,1.0,1.0
9643,0.0,0.0,0.0,0.0,0.31546487678572877,0.0,0.0,0.0,0.0,0.0,0.0,0.0
9644,0.9197207891481876,0.9197207891481876,0.17723928678404774,0.9197207891481876,0.6934264036172708,0.8315546295836225,0.6934264036172708,0.5802792108518124,0.5802792108518124,1.0,1.0,1.0
9646,0.5534089895040296,0.5390031312763821,0.0,0.4856486183364634,0.37941405415148566,0.5865267152450975,0.6368547259115425,0.29271470075357975,0.28335073552600926,0.5390031312763821,0.5390031312763821,0.5390031312763821
9668,0.0,0.0,0.0,0.0,0.0,0.0,0.0,0.0,0.0,0.0,0.0,0.0
9701,1.0,1.0,0.0,0.6309297535714575,0.0,0.38685280723454163,0.38685280723454163,0.3333333333333333,0.3010299956639812,1.0,1.0,1.0
9733,1.0,1.0,0.6309297535714575,1.0,1.0,1.0,1.0,1.0,1.0,1.0,1.0,1.0
9735,0.6131471927654584,0.6131471927654584,0.20438239758848611,0.6131471927654584,0.6131471927654584,0.6131471927654584,0.6131471927654584,0.6131471927654584,0.6131471927654584,0.6131471927654584,0.6131471927654584,0.6131471927654584
9737,0.18457569677956817,0.0,0.0,0.0,0.0,0.0,0.0,0.0,0.0,0.0,0.0,0.0
9771,0.0,0.0,0.0,0.0,0.0,0.0,0.0,0.0,0.0,0.0,0.0,0.0
98,0.6131471927654584,0.6131471927654584,0.0,0.2640681225725909,0.6131471927654584,0.6131471927654584,0.6131471927654584,0.3065735963827292,0.3065735963827292,0.8503449055347546,0.8772153153380493,0.8503449055347546
9808,0.35853358850813305,0.38364913903790027,0.23463936301137822,0.36926780146674987,0.34337431936037655,0.16716045496620227,0.40179981797758046,0.46927872602275644,0.617319681505689,0.34870224750355494,0.34870224750355494,0.3235866969737877
9824,0.0,0.0,0.0,0.0,0.0,0.0,0.0,0.0,0.0,0.0,0.0,0.0
9871,0.16716045496620227,0.18154179253735267,0.0,0.20210734650054757,0.23463936301137822,0.0,0.23463936301137822,0.0,0.0,0.14126697285982898,0.14126697285982898,0.14126697285982898
988,1.0,1.0,0.6886007376100177,1.0,1.0,1.0,0.9438661545147249,1.0,1.0,0.9558295932317544,0.9558295932317544,0.9558295932317544
9882,0.14606834984270645,0.0,0.0,0.13120507751234178,0.10209739512291163,0.11305340175787204,0.252016380211836,0.1208113026994942,0.0,0.09803928583135704,0.0,0.0
9925,0.8503449055347546,0.6131471927654584,0.6131471927654584,0.8503449055347546,0.6131471927654584,0.9197207891481876,0.8772153153380493,0.7903864795495061,0.6131471927654584,0.8065735963827293,0.6131471927654584,0.8065735963827293
9929,0.0,0.0,0.0,0.0,0.0,0.0,0.0,0.0,0.0,0.0,0.0,0.0
9961,0.0,0.0,0.0,0.0,0.0,0.0,0.0,0.0,0.0,0.0,0.0,0.0
9979,0.8503449055347546,0.7977228895450266,0.3065735963827292,0.6131471927654584,0.8772153153380493,0.20438239758848611,0.5714285040141098,0.6131471927654584,0.6131471927654584,0.6131471927654584,0.6131471927654584,0.6131471927654584
