qid,granite_dense,bm25,splade,convex_hybrid_granite_bm25,convex_hybrid_granite_splade
PLAIN-1008,0.0,0.0,0.0,0.0,0.0
PLAIN-1018,0.576323354912681,0.8701249883466593,0.84860265890399,0.6403089930936581,0.7191184989488184
PLAIN-102,0.6969383549984332,0.6780494608112012,0.6969383549984332,0.6719377023185354,0.7453016244178956
PLAIN-1028,0.8701249883466593,0.727329844310522,0.727329844310522,0.8701249883466593,0.800693766409882
PLAIN-1039,0.388244052766991,0.0,0.22009176629808017,0.18340980524840012,0.37185395737611554
PLAIN-1050,0.3589542101716347,0.3589542101716347,0.3589542101716347,0.3589542101716347,0.3589542101716347
PLAIN-1066,0.2489083270225946,0.2489083270225946,0.2489083270225946,0.2489083270225946,0.2489083270225946
PLAIN-1088,0.5352543167750639,0.5958595188912912,0.6489315753318465,0.642186726668901,0.6489315753318465
PLAIN-1098,0.0,0.0,0.0,0.0,0.0
PLAIN-1109,0.0,0.0,0.0,0.0,0.0
PLAIN-1119,1.0,1.0,1.0,1.0,1.0
PLAIN-112,0.0,0.0,0.0,0.0,0.0
PLAIN-1130,0.0,0.0,0.0,0.0,0.0
PLAIN-1141,0.7909008953676248,0.8025111649801716,0.8050258092765824,0.7841568027568648,0.857946860438754
PLAIN-1151,0.3332594386367449,0.2529427027676571,0.12647135138382856,0.3008855942920819,0.3008855942920819
PLAIN-1161,0.0,0.46927872602275644,0.2960819109658652,0.16716045496620227,0.1480409554829326
PLAIN-1172,0.0,0.30260241349881345,0.30260241349881345,0.19092086617893467,0.19092086617893467
PLAIN-1183,0.606439180544341,0.7467045958894682,0.6203974344166848,0.6691255538181726,0.5009732673492616
PLAIN-1193,0.6969383549984332,0.6281460426238844,0.7421246259355073,0.7631925784528223,0.9216017310213247
PLAIN-12,0.06362078819895171,0.521098444712307,0.4269620754585236,0.4826366372598628,0.21819512777734998
PLAIN-1203,0.9305687780632227,0.9363792118010483,0.9305687780632227,0.914856882358379,0.9052116356304493
PLAIN-1214,0.6032621820619528,0.25469837558210445,0.6180396628416763,0.6364741801035539,0.5587148206871071
PLAIN-1225,0.5779050396291792,0.6473362615659566,0.5357086937004182,0.5829393865084944,0.5166851630541054
PLAIN-123,0.6950826685175006,0.3903787400893656,0.29882661826039614,0.6285907887106195,0.6199644957746708
PLAIN-1236,0.6309297535714575,1.0,1.0,1.0,1.0
PLAIN-1249,0.6489315753318465,0.6489315753318465,0.6489315753318465,0.6489315753318465,0.6489315753318465
PLAIN-1262,0.9266360779006401,0.5352543167750639,0.9266360779006401,0.7631925784528223,1.0
PLAIN-1275,0.0,0.0,0.0,0.0,0.0
PLAIN-1288,0.7859162856301584,0.3589542101716347,0.5653701424067237,0.7967610662472993,0.7788065869851872
PLAIN-1299,0.13886244387355454,0.0,0.0,0.11004588314904008,0.11004588314904008
PLAIN-1309,0.0,0.1482972305701491,0.1482972305701491,0.11752277470724268,0.11752277470724268
PLAIN-1320,0.843706044175124,0.644824486427155,0.644824486427155,0.843706044175124,0.7402849195166222
PLAIN-133,1.0,1.0,1.0,1.0,1.0
PLAIN-1331,0.0,0.0,0.0,0.0,0.0
PLAIN-1342,0.42049964660493067,0.0,0.0,0.14201905717762703,0.13305201013572898
PLAIN-1353,0.5224955967919311,0.28762634971412726,0.4537425745411855,0.5239294981581574,0.5473983622993502
PLAIN-1363,0.07414861528507455,0.38334277998463445,0.38334277998463445,0.31339406588598046,0.31339406588598046
PLAIN-1374,0.9216017310213247,0.857980942822373,0.9363792118010483,0.866947989864271,0.9363792118010483
PLAIN-1387,0.0,0.0,0.0,0.0,0.0
PLAIN-1398,0.23504554941448536,0.23504554941448536,0.38334277998463445,0.38334277998463445,0.38334277998463445
PLAIN-1409,0.0,0.0,0.0,0.0,0.0
PLAIN-1419,0.642186726668901,0.5670429581667766,0.6489315753318465,0.6371523797895856,0.715550648768261
PLAIN-1429,0.0,0.0,0.0,0.0,0.0
PLAIN-143,0.09478836436955078,0.09478836436955078,0.2082936658103318,0.13886244387355454,0.13886244387355454
PLAIN-1441,0.7222954974312066,0.3398414932237254,0.7778721720600673,0.7125523635307982,0.7909506325094737
PLAIN-1453,0.11004588314904008,0.08514311764162098,0.22009176629808017,0.13886244387355454,0.22009176629808017
PLAIN-1463,0.0,0.0,0.0,0.0,0.0
PLAIN-1473,0.0,0.0,0.0,0.0,0.0
PLAIN-1485,0.44615333764087994,0.4599715079731103,0.3391602052736161,0.5531464700081437,0.5531464700081437
PLAIN-1496,0.6049444897881109,0.25543736465814,0.31204907722178066,0.5930533828655113,0.5757398856343413
PLAIN-1506,0.0,0.0,0.0,0.0,0.0
PLAIN-1516,0.0,0.0,0.0,0.0,0.0
PLAIN-1527,0.0,0.0,0.0,0.0,0.0
PLAIN-153,0.5423640154200349,0.23047380976071707,0.14201905717762703,0.3633412872595719,0.5053603444371989
PLAIN-1537,0.3471357245055706,0.5100691314582919,0.5552448576790283,0.42914113378860647,0.4883491838252097
PLAIN-1547,0.0,0.0,0.0,0.0,0.0
PLAIN-1557,0.5087403079104241,0.5531464700081437,0.5531464700081437,0.5531464700081437,0.5531464700081437
PLAIN-1568,0.0,0.0,0.0,0.0,0.0
PLAIN-1579,0.0,0.0,0.0,0.0,0.0
PLAIN-1590,0.11004588314904008,0.0,0.0,0.13886244387355454,0.08514311764162098
PLAIN-1601,0.4346298575932762,0.0,0.23944085680261515,0.4346298575932762,0.41320541532308547
PLAIN-1611,0.0,0.0,0.0,0.0,0.0
PLAIN-1621,0.0,0.0,0.0,0.0,0.0
PLAIN-1635,0.6086182388744239,0.43735247915031,0.5231737964779628,0.5836175861945262,0.5541432109622958
PLAIN-1645,0.0,0.0,0.0,0.0,0.0
PLAIN-165,0.0,0.0,0.0,0.0,0.0
PLAIN-1656,0.1736666713479918,0.20483424751859086,0.15457433957839825,0.17947710508581735,0.1736666713479918
PLAIN-1667,0.25264076317831785,0.15514952592378176,0.09508977831648076,0.36783640800544093,0.43310041718927056
PLAIN-1679,0.7089004727756366,0.13347537859706934,0.5958577407149078,0.6019941558034085,0.7073034172671887
PLAIN-1690,0.5289638450374726,0.16421958630632802,0.3995688713838975,0.38113435412202,0.4351098955930419
PLAIN-1700,0.5105898475546079,0.33895354522071425,0.40121870129047105,0.4114367352038945,0.5917790329020923
PLAIN-1710,0.2811784572776439,0.4353779326463506,0.0,0.5404075384463198,0.17558217246012234
PLAIN-1721,0.10972431200457415,0.12652791809394925,0.0,0.290005742888632,0.2239904079101565
PLAIN-1731,0.6637908580929228,0.7721596254947203,0.8581437227514841,0.735099813604943,0.6868037996043077
PLAIN-1741,0.1499525158487472,0.10704185718492083,0.3033608001768468,0.16365329800063497,0.2409404677898341
PLAIN-175,0.22009176629808017,0.22009176629808017,0.22009176629808017,0.22009176629808017,0.22009176629808017
PLAIN-1752,0.9652843890316114,0.9260852545422736,0.9668728882728055,0.9315076448508441,0.9668728882728055
PLAIN-1762,0.2825761277563703,0.3336412091531361,0.5048899707721091,0.5370815745454317,0.4260009724637218
PLAIN-1772,0.23840405768933337,0.14397047852848383,0.09077394133714937,0.3686831603604652,0.26835994923757794
PLAIN-1784,0.9363792118010483,0.7849818707050383,0.8701249883466593,0.9363792118010483,0.9363792118010483
PLAIN-1794,0.3180396301625113,0.15423215925316425,0.24445218882151876,0.24445218882151876,0.24445218882151876
PLAIN-1805,0.31226233291544175,0.37456050428247883,0.3941769500918012,0.3388812950446278,0.31810863635132614
PLAIN-1817,0.4537425745411855,0.3589542101716347,0.3589542101716347,0.4537425745411855,0.4690000933206748
PLAIN-1827,0.16961510979410432,0.10359825042259051,0.06571108366710597,0.12254183380033279,0.11466242738732028
PLAIN-1837,0.5998254955960036,0.1940955508805761,0.6499590469680815,0.5998254955960036,0.6499590469680815
PLAIN-1847,0.49912026938777576,0.28952298823485745,0.21101571757181778,0.4568105713392093,0.4626749492735166
PLAIN-1857,0.8974416663360282,0.22009176629808017,0.13886244387355454,0.8398027422266441,0.7175867104101135
PLAIN-186,0.09478836436955078,0.22009176629808017,0.1635413866202963,0.13886244387355454,0.17630010660342912
PLAIN-1867,0.933745776545611,0.4440973278132557,0.7151857987862356,0.7183627972686238,0.800693766409882
PLAIN-1877,0.6317299614276957,0.6009053751727895,0.5667390937358099,0.6643047921156021,0.63008927118323
PLAIN-1887,0.696162268139923,0.43231813227099475,0.3995688713838975,0.6122496142821665,0.568003577662161
PLAIN-1897,0.24655055544758614,0.1681522864689108,0.2984900352767555,0.23440650992329987,0.2685529228900211
PLAIN-1909,0.2996484034259831,0.2996484034259831,0.2996484034259831,0.2996484034259831,0.2996484034259831
PLAIN-1919,0.4443059129387836,0.38225200651112173,0.46719689684692656,0.2882001116838787,0.3979514306711175
PLAIN-1929,0.7628045350235669,0.11004588314904008,0.396014022061412,0.6339753813071974,0.7095525176812538
PLAIN-1940,0.41528076708874123,0.22009176629808017,0.22009176629808017,0.2934556883974402,0.22009176629808017
PLAIN-1950,0.5562095200447539,0.1890570933316362,0.2996484034259831,0.5009138649975804,0.5223051443804524
PLAIN-196,0.0,0.06943122193677727,0.0,0.0,0.0
PLAIN-1962,0.6708298207508385,0.5243615183777302,0.617085055228343,0.6263380278851488,0.6665181205254729
PLAIN-1972,0.3570764765963919,0.17673466814601568,0.18143400269436502,0.31833954895937183,0.5127524628915227
PLAIN-1983,0.7899521877203068,0.34062143532990763,0.5459681405017656,0.5796856454670315,0.7381255377435216
PLAIN-1995,0.7654291710816226,0.45545502446461517,0.7335190055523998,0.6653085338312478,0.7638321155731748
PLAIN-2,0.0,0.0,0.0,0.0,0.0
PLAIN-2009,0.501497501605074,0.5560371451169083,0.6632624234669381,0.6185433621370644,0.5981885581464398
PLAIN-2019,0.4050322018673231,0.0,0.0,0.25152868873664785,0.26612017649871916
PLAIN-2030,0.32336634959917104,0.3899358445195752,0.3916067959072707,0.5515071803632671,0.3834927366315414
PLAIN-2040,0.4521747390582773,0.39744165090973377,0.4820408043717211,0.46108067553779086,0.48125049454682667
PLAIN-2051,0.8630152897016883,0.6371523797895856,0.6122496142821665,0.8603818544462509,0.8454256604216017
PLAIN-2061,0.424926013816671,0.40853591842579556,0.30701473034246535,0.4690000933206748,0.3436966913921454
PLAIN-207,0.34973201611667765,0.0,0.10527982729515888,0.2947870444915905,0.27696292240197373
PLAIN-2071,0.0945285466658181,0.15905431817566307,0.09988280114199435,0.14982420171299154,0.05336845745288964
PLAIN-2081,0.0,0.05854439592831931,0.0,0.06358115370045192,0.0
PLAIN-2092,0.1215432127090705,0.0,0.11671218210122507,0.12737140874229602,0.14382143485626836
PLAIN-2102,0.4030302838010049,0.31939394323979897,0.24711688711205218,0.31939394323979897,0.31939394323979897
PLAIN-2113,0.0,0.0,0.0,0.0,0.0
PLAIN-2124,0.4379165285089752,0.0,0.07362322034364345,0.38062652754129855,0.2581042161277393
PLAIN-2134,1.0,1.0,1.0,1.0,1.0
PLAIN-2145,0.08442111803551768,0.0732095274674965,0.10907458963273321,0.07989569279756416,0.08442111803551768
PLAIN-2156,0.0,0.0,0.0,0.0,0.0
PLAIN-2167,0.12025967902718647,0.13956838328637605,0.0,0.13956838328637605,0.113813114479808
PLAIN-217,0.5541432109622958,0.3589542101716347,0.4440973278132557,0.513528549750033,0.5231737964779628
PLAIN-2177,0.0,0.10026710274415573,0.0,0.0,0.0
PLAIN-2187,0.47842151728792726,0.3589542101716347,0.4440973278132557,0.4537425745411855,0.5199967979955745
PLAIN-2197,0.3438685520001376,0.20436662668128655,0.20436662668128655,0.3438685520001376,0.36632334652564597
PLAIN-2209,0.0,0.0,0.0,0.0,0.0
PLAIN-2220,0.3607790370815594,0.3607790370815594,0.3607790370815594,0.3607790370815594,0.3607790370815594
PLAIN-2230,0.0,0.0,0.0,0.0,0.0
PLAIN-2240,0.0,0.0,0.0,0.0,0.0
PLAIN-2250,0.3273949503887395,0.3273949503887395,0.3273949503887395,0.3273949503887395,0.3273949503887395
PLAIN-2261,0.5494063797702666,0.0,0.38062652754129855,0.526027743527972,0.526027743527972
PLAIN-227,0.0,0.0,0.0,0.0,0.0
PLAIN-2271,0.43122038713502525,0.49354571029098443,0.43122038713502525,0.43122038713502525,0.43122038713502525
PLAIN-2281,0.2640681225725909,0.3065735963827292,0.38685280723454163,0.38685280723454163,0.38685280723454163
PLAIN-2291,0.38685280723454163,0.19342640361727081,0.2640681225725909,0.3065735963827292,0.38685280723454163
PLAIN-23,0.1746103421078289,0.16195671984435944,0.3239134396887189,0.2554582833516082,0.39366440234814437
PLAIN-2301,0.0,0.0,0.0,0.0,0.0
PLAIN-2311,1.0,0.3562071871080222,0.6309297535714575,1.0,0.6309297535714575
PLAIN-2321,0.0,0.0,0.0,0.0,0.0
PLAIN-2332,0.7039180890341347,0.7653606369886217,0.7653606369886217,0.7653606369886217,0.7653606369886217
PLAIN-2343,0.0,0.0,0.0,0.0,0.0
PLAIN-2354,0.6039071644781281,0.43734888382569426,1.0,0.9217868789962071,0.7328286204777911
PLAIN-2364,1.0,0.6309297535714575,0.6309297535714575,1.0,1.0
PLAIN-2375,0.5109559939712153,0.38685280723454163,0.23719771276929622,0.48381288316677695,0.5
PLAIN-238,0.7280855459907165,0.5363559634917963,0.7218018303820491,0.7280855459907165,0.756902106715231
PLAIN-2386,0.3009776153417087,0.4770382338730848,0.6469626813039951,0.4770382338730848,0.4770382338730848
PLAIN-2396,0.0,0.0,0.0,0.0,0.0
PLAIN-2408,0.4617829218766393,0.23214740266135997,0.6230876559119081,0.617449705668599,0.6230876559119081
PLAIN-2430,0.09988280114199435,0.0,0.0,0.14982420171299154,0.10673691490577927
PLAIN-2440,0.8032019779930732,0.07716607426375235,0.7461047301655674,0.7874474081597803,0.7943415442390706
PLAIN-2450,0.425035080064741,0.6173035877688688,0.415081693065718,0.4953751312791229,0.4509737963519493
PLAIN-2460,0.0,0.26350162434003327,0.06978419164318803,0.0521442648465579,0.09019475927038985
PLAIN-2470,0.0,0.06943122193677727,0.0,0.0,0.0
PLAIN-248,0.2874327599926105,0.038356439954197026,0.21034852634332998,0.22814634900353734,0.36582476220328947
PLAIN-2480,0.0,0.09250131737557493,0.35185668051157637,0.09453292111760586,0.3283995684774713
PLAIN-2490,0.0,0.0,0.0,0.0,0.0
PLAIN-2500,0.1854186432062671,0.12991403115678124,0.3607790370815594,0.16441836920670902,0.227626228959616
PLAIN-2510,0.0,0.0,0.0,0.0,0.0
PLAIN-2520,0.0,0.0,0.056906557239904,0.0,0.0
PLAIN-2530,0.12576434436832393,0.0,0.15424289091186652,0.0,0.12317948369684056
PLAIN-2540,0.15537907391531905,0.0,0.3607790370815594,0.113813114479808,0.3607790370815594
PLAIN-2550,0.22976314255676591,0.113813114479808,0.09019475927038985,0.2340727935069945,0.25338149776618407
PLAIN-2560,0.0,0.1290515430196899,0.14982420171299154,0.09988280114199435,0.09988280114199435
PLAIN-2570,0.0,0.0,0.0,0.0,0.0
PLAIN-2580,0.3239134396887189,0.3239134396887189,0.43929373490672136,0.3239134396887189,0.3239134396887189
PLAIN-259,0.3391602052736161,0.3391602052736161,0.3391602052736161,0.3391602052736161,0.3391602052736161
PLAIN-2590,0.5208519217106355,0.503517056429946,0.4636217287347419,0.6514049959422431,0.5099983704609768
PLAIN-2600,0.5062364171031187,0.11366150026645364,0.522296512262197,0.3103182796574789,0.5254812828139142
PLAIN-2610,0.1678842962280494,0.29420263302058774,0.1765301473433327,0.29420263302058774,0.20400787375019785
PLAIN-2620,0.28923451102419495,0.16419170618909443,0.48207449690748644,0.294477117562208,0.33277232430545106
PLAIN-2630,0.6131471927654584,0.6131471927654584,0.6131471927654584,0.6131471927654584,0.6131471927654584
PLAIN-2640,0.13886244387355454,0.07839826897867533,0.22009176629808017,0.13886244387355454,0.11004588314904008
PLAIN-2650,0.8211494915788773,0.34158460547379954,0.7028731195751513,0.6508232640352719,0.8691675529558468
PLAIN-2660,0.41618115554873086,0.6713860725233041,0.9134015924715543,0.6508205185601091,0.7039180890341347
PLAIN-2670,0.16195671984435944,0.0,0.0,0.16195671984435944,0.20436662668128655
PLAIN-2680,0.3239134396887189,0.5282800663700055,0.5880534728737216,0.5880534728737216,0.5880534728737216
PLAIN-2690,0.15537907391531905,0.0,0.13956838328637605,0.12025967902718647,0.15537907391531905
PLAIN-270,0.0,0.0,0.0,0.0,0.0
PLAIN-2700,0.4421737401252939,0.3066803587003303,0.4941176975406503,0.5306028917311881,0.4837869006383635
PLAIN-2710,0.0,0.0,0.0,0.0,0.0
PLAIN-2720,0.0,0.0,0.06362078819895171,0.0,0.0
PLAIN-2730,0.33444708645773824,0.23170768250378496,0.16195671984435944,0.4312995836091173,0.2856932557852381
PLAIN-2740,0.034019538049805745,0.0,0.0,0.0,0.0
PLAIN-2750,0.31516255047698366,0.23992089480238082,0.3340514446642156,0.23297260855707355,0.3222722491219547
PLAIN-2760,0.6217654667311627,0.08612792629011655,0.4369590963066124,0.3185746171344776,0.6830106438024846
PLAIN-2770,0.08879873949105598,0.0,0.0,0.07037133610231527,0.07037133610231527
PLAIN-2780,0.42471500406299667,0.5647652605605432,0.5170526691072512,0.5323329098793254,0.5464403123606522
PLAIN-2790,0.7730006051098631,0.702728403557943,0.6816808362189438,0.7630946912803436,0.7534494445524138
PLAIN-280,0.4690000933206748,0.22009176629808017,0.3995688713838975,0.424926013816671,0.4690000933206748
PLAIN-2800,0.2669507571941387,0.0,0.0,0.2669507571941387,0.16842717545221192
PLAIN-2810,0.0,0.0,0.0,0.0,0.0
PLAIN-2820,0.19004688335796713,0.0,0.3887879759564652,0.14704034066641014,0.19004688335796713
PLAIN-2830,0.21398626473452756,0.14606834984270645,0.3391602052736161,0.16958010263680806,0.3391602052736161
PLAIN-2840,0.0,0.0,0.0,0.0,0.0
PLAIN-2850,0.6387878864795979,0.6387878864795979,0.6387878864795979,0.6387878864795979,0.6387878864795979
PLAIN-2860,0.8670870086853021,0.7606220037494031,0.8670870086853021,0.8670870086853021,0.8670870086853021
PLAIN-2870,0.5974004989549763,0.5758211900829147,0.6174886499090687,0.5974004989549763,0.5974004989549763
PLAIN-2880,0.415617447187586,0.0,0.08039138809008574,0.18232691848268087,0.3767152080871663
PLAIN-2890,0.777747077360283,0.9636050417842176,0.9275090507323486,0.9333168256517765,0.777747077360283
PLAIN-2900,0.0,0.0,0.0,0.0,0.0
PLAIN-291,0.6871952210980248,0.4690000933206748,0.6722390270733757,0.5473983622993502,0.6969383549984332
PLAIN-2910,0.43929373490672136,0.2406871186625798,0.2594643811893597,0.27733701506236197,0.43929373490672136
PLAIN-2920,0.0,0.0,0.0,0.0,0.0
PLAIN-2930,0.933745776545611,0.9266360779006401,0.933745776545611,0.933745776545611,0.933745776545611
PLAIN-2940,0.23365080824310533,0.424926013816671,0.42838543210841196,0.47842151728792726,0.31488013066763093
PLAIN-2950,0.0,0.0,0.0,0.0,0.0
PLAIN-2960,0.0,0.0,0.0,0.0,0.0
PLAIN-2970,0.8521705090845474,0.3241295975188817,0.2685529228900211,0.8318477135310893,0.6581810421830975
PLAIN-2981,0.3079834593168982,0.3257192188287456,0.09109240322345806,0.4123370353127634,0.31866295117805
PLAIN-2991,0.6131471927654584,0.0,0.0,0.6131471927654584,0.6131471927654584
PLAIN-3001,0.6771264265132065,0.6968732710362916,0.6226797286731544,0.7399652888436797,0.6771264265132065
PLAIN-3014,0.3589542101716347,0.3589542101716347,0.3589542101716347,0.3589542101716347,0.3589542101716347
PLAIN-3026,0.24377484748737527,0.2558209594125084,0.2797643380184693,0.22471947398559278,0.24377484748737527
PLAIN-3037,0.0,0.0,0.0,0.0,0.08514311764162098
PLAIN-3053,0.16716045496620227,0.46927872602275644,0.46927872602275644,0.46927872602275644,0.46927872602275644
PLAIN-3063,0.0,0.0,0.0,0.0,0.0
PLAIN-307,0.727329844310522,0.7534494445524138,0.4673791184803734,0.826813366651774,0.6489315753318465
PLAIN-3074,0.11004588314904008,0.0,0.22009176629808017,0.13886244387355454,0.13886244387355454
PLAIN-3085,0.3971921948634016,0.13886244387355454,0.13886244387355454,0.3971921948634016,0.38148029915855786
PLAIN-3097,0.3222722491219547,0.22009176629808017,0.41528076708874123,0.42838543210841196,0.40853591842579556
PLAIN-3116,0.13886244387355454,0.0,0.0,0.09478836436955078,0.13886244387355454
PLAIN-3131,0.727329844310522,1.0,1.0,1.0,1.0
PLAIN-3141,1.0,1.0,1.0,1.0,1.0
PLAIN-3151,0.6863219231453965,0.4209088765951527,0.4509737963519493,0.6322662360886282,0.6044259533655848
PLAIN-3161,1.0,1.0,1.0,1.0,1.0
PLAIN-3171,0.0,0.0,0.0,0.0,0.0
PLAIN-3181,0.4429398126509056,0.361879195385413,0.611568281162677,0.5252085403110709,0.5252085403110709
PLAIN-3191,0.857980942822373,0.22009176629808017,0.4440973278132557,0.857980942822373,0.7116179486056782
PLAIN-320,0.22009176629808017,0.30523488393970116,0.22009176629808017,0.22009176629808017,0.22009176629808017
PLAIN-3201,1.0,1.0,1.0,1.0,1.0
PLAIN-3211,0.3764459522792426,0.7909506325094737,0.793584067764911,0.5278432933752526,0.532877640254568
PLAIN-3221,0.8553475075669357,0.84860265890399,0.793584067764911,0.8512360941594274,0.857980942822373
PLAIN-3231,0.0,0.0,0.0,0.0,0.0
PLAIN-3241,0.25909036127391766,0.15130120674940672,0.30260241349881345,0.2521686779156779,0.29178833734520576
PLAIN-3251,1.0,1.0,1.0,1.0,1.0
PLAIN-3261,0.036831869957267185,0.06370866775185362,0.1404215476602477,0.08221884062584187,0.1806540182522798
PLAIN-3271,0.0,0.0,0.0,0.0,0.0
PLAIN-3281,0.4935232796777481,0.644824486427155,0.6238470455881188,0.4935232796777481,0.4935232796777481
PLAIN-3292,1.0,0.8389574121760602,0.9363792118010483,1.0,1.0
PLAIN-33,0.0,0.0,0.0,0.0,0.0
PLAIN-3302,0.0,0.0,0.0,0.0,0.0
PLAIN-3312,0.67175898907361,0.4092727151605027,0.4327725091963492,0.5999767516907479,0.6975961695061491
PLAIN-332,0.0,0.0,0.0,0.0,0.0
PLAIN-3322,0.7767471075223497,0.8550956239938448,0.8550956239938448,0.8550956239938448,0.7767471075223497
PLAIN-3332,0.8572048559638628,0.6489315753318465,0.6489315753318465,0.800693766409882,0.7967610662472993
PLAIN-3342,0.0,0.0,0.0,0.0,0.0
PLAIN-3352,0.841492960259019,0.3589542101716347,0.3589542101716347,0.841492960259019,0.8482378089219645
PLAIN-3362,0.7702043899253147,0.727329844310522,0.8643145546088337,0.800693766409882,0.8643145546088337
PLAIN-3372,0.6366824387328317,0.5585075862632192,0.6366824387328317,0.6366824387328317,0.6366824387328317
PLAIN-3382,0.6726156710929547,0.19194129398216267,0.3603151367091187,0.5918899440882027,0.5659665101789597
PLAIN-3392,0.8572048559638628,0.933745776545611,0.866947989864271,0.9305687780632227,0.9266360779006401
PLAIN-3402,0.5834330535576521,0.22009176629808017,0.2863459897524692,0.5834330535576521,0.5580759111248786
PLAIN-3412,0.606241562353928,0.7948833326720564,0.6726934039987301,0.6874708847784536,0.6141069626790936
PLAIN-3422,0.31488013066763093,0.33013764944712026,0.1681522864689108,0.3589542101716347,0.2489083270225946
PLAIN-3432,0.8899541168509599,0.44821456061271264,0.8263333286520083,0.756902106715231,0.8482378089219645
PLAIN-344,0.5842273861585908,0.11706259313796354,0.0,0.47254583883871204,0.4500112274528523
PLAIN-3442,0.1480409554829326,0.1480409554829326,0.13565197343244778,0.16716045496620227,0.15642624200758548
PLAIN-3452,0.23463936301137822,0.0,0.2960819109658652,0.18154179253735267,0.46927872602275644
PLAIN-3462,0.0,0.23463936301137822,0.2960819109658652,0.14126697285982898,0.14126697285982898
PLAIN-3472,0.0,0.0,0.0,0.0,0.0
PLAIN-358,0.3819201904775964,0.0,0.04210679386305298,0.1922542355453186,0.21005921159993848
PLAIN-371,0.0,0.0,0.0,0.0,0.0
PLAIN-383,0.49435723575344825,0.4636440365082036,0.5174612499126158,0.48864468918810133,0.49828993591603105
PLAIN-395,0.0,0.0,0.0,0.0,0.0
PLAIN-407,0.09478836436955078,0.22009176629808017,0.22009176629808017,0.22009176629808017,0.22009176629808017
PLAIN-418,0.0,0.06943122193677727,0.388244052766991,0.0,0.08514311764162098
PLAIN-430,0.605504765619221,0.6726934039987301,0.5884674004369673,0.7019727018777485,0.6172839611614819
PLAIN-44,1.0,1.0,1.0,1.0,1.0
PLAIN-441,1.0,1.0,0.9363792118010483,1.0,1.0
PLAIN-457,0.06625422345438903,0.07336392209936005,0.3012042966046398,0.13886244387355454,0.1635413866202963
PLAIN-468,0.677273373952691,0.20483424751859086,0.3932783996463063,0.6300426811446146,0.5637884576902256
PLAIN-478,0.0,0.0,0.0,0.0,0.0
PLAIN-488,0.7605438394871004,0.43929373490672136,0.5556211221925038,0.6092584262921852,0.6092584262921852
PLAIN-499,0.6652907408280685,0.40348266660099286,0.5079937796926363,0.576669299949219,0.6470538417566039
PLAIN-510,0.7222954974312066,0.30523488393970116,0.22400556151517553,0.6652907408280685,0.6835381846158709
PLAIN-520,0.5111707781750245,0.43231813227099475,0.39767223286316733,0.3971921948634016,0.498250645792228
PLAIN-531,1.0,1.0,1.0,1.0,1.0
PLAIN-541,0.30523488393970116,0.09478836436955078,0.0,0.2984900352767555,0.2934556883974402
PLAIN-551,0.0,0.0,0.0,0.0,0.0
PLAIN-56,0.0,0.06625422345438903,0.0,0.0,0.0
PLAIN-561,0.22009176629808017,0.2984900352767555,0.13886244387355454,0.30523488393970116,0.22009176629808017
PLAIN-571,0.0,0.0,0.0,0.0,0.0
PLAIN-583,1.0,0.8701249883466593,1.0,1.0,1.0
PLAIN-593,0.8555025847454517,0.48361041476720446,0.9098052407296103,0.8893946731024085,0.8765170386991243
PLAIN-603,0.6122496142821665,0.0,0.6496872770120411,0.4954588824701808,0.6578986223737446
PLAIN-613,0.0,0.0,0.0,0.0,0.0
PLAIN-623,0.22400556151517553,0.2781981696179509,0.3125291152215463,0.2489083270225946,0.2489083270225946
PLAIN-634,0.9197207891481876,1.0,1.0,1.0,1.0
PLAIN-645,0.13120507751234178,0.21398626473452756,0.10209739512291163,0.21398626473452756,0.1208113026994942
PLAIN-660,0.08514311764162098,0.22009176629808017,0.13886244387355454,0.13886244387355454,0.09478836436955078
PLAIN-671,0.6898286563534621,0.6442227883107535,0.677273373952691,0.7917267193679839,0.78180487222265
PLAIN-68,0.0,0.0,0.0,0.0,0.0
PLAIN-681,0.0,0.0,0.0,0.0,0.0
PLAIN-691,0.0,0.0,0.0,0.0,0.0
PLAIN-701,0.9363792118010483,0.5829393865084944,1.0,0.8630152897016883,1.0
PLAIN-711,0.30260241349881345,0.30260241349881345,0.30260241349881345,0.30260241349881345,0.30260241349881345
PLAIN-721,0.5978711726939663,0.20631859150857212,0.6092768529584421,0.5522623393638106,0.6027109944729422
PLAIN-731,0.0,0.11004588314904008,0.0,0.06943122193677727,0.0
PLAIN-741,0.5014276442746162,0.826813366651774,0.5111707781750245,0.9266360779006401,0.8415908474314976
PLAIN-751,1.0,0.0,0.0,1.0,1.0
PLAIN-761,0.0,0.0,0.0,0.0,0.0
PLAIN-771,0.10699313236726378,0.0,0.0,0.0,0.0
PLAIN-78,0.5531464700081437,0.5531464700081437,0.5087403079104241,0.5531464700081437,0.5531464700081437
PLAIN-782,1.0,1.0,1.0,1.0,1.0
PLAIN-792,0.2435522702101235,0.5983950669742499,0.5708588662113935,0.4818809355796682,0.4883491838252097
PLAIN-806,0.7653606369886217,0.7653606369886217,0.7653606369886217,0.7653606369886217,0.7653606369886217
PLAIN-817,1.0,0.9266360779006401,1.0,1.0,1.0
PLAIN-827,0.4027996698272142,0.3686402433478159,0.3511643449202447,0.4027996698272142,0.38974738205212084
PLAIN-838,0.0,0.0,0.0,0.0,0.0
PLAIN-850,0.49284851576164124,0.41253177989255346,0.41253177989255346,0.6193198671454698,0.6193198671454698
PLAIN-872,1.0,1.0,1.0,1.0,1.0
PLAIN-882,0.0,0.0,0.0,0.0,0.0
PLAIN-892,1.0,1.0,1.0,1.0,1.0
PLAIN-902,0.914856882358379,0.7222954974312066,0.8521705090845474,0.933745776545611,0.9052116356304493
PLAIN-91,0.0,0.0,0.0,0.0,0.0
PLAIN-913,0.43735247915031,0.5352543167750639,0.4690000933206748,0.5352543167750639,0.5173633627401372
PLAIN-924,0.0,0.0,0.0,0.0,0.0
PLAIN-934,1.0,1.0,0.9363792118010483,1.0,1.0
PLAIN-946,0.09478836436955078,0.13886244387355454,0.30701473034246535,0.22400556151517553,0.22400556151517553
PLAIN-956,0.5321408435198608,0.6274092458891772,0.5637884576902256,0.5637884576902256,0.5637884576902256
PLAIN-966,0.11004588314904008,0.13886244387355454,0.13886244387355454,0.13886244387355454,0.22009176629808017
PLAIN-977,0.0,0.0,0.27487633291429087,0.0,0.11838279295536291
PLAIN-987,0.0,0.0,0.0,0.0,0.0
PLAIN-997,0.0,0.0,0.0,0.0,0.0
