qid,granite_dense,q2d_granite,q2d_corroborate
0,1.0,1.0,1.0
1,1.0,1.0,1.0
10,1.0,1.0,1.0
100,1.0,1.0,1.0
1000,1.0,1.0,1.0
1001,0.0,0.0,0.0
1002,0.0,0.0,0.0
1003,0.0,0.0,0.0
1004,1.0,1.0,1.0
1005,1.0,1.0,1.0
1006,1.0,1.0,1.0
1007,0.0,1.0,1.0
1008,1.0,1.0,1.0
1009,0.0,0.0,0.0
101,1.0,0.0,0.0
1010,1.0,1.0,1.0
1011,1.0,1.0,1.0
1012,1.0,1.0,1.0
1013,0.0,0.0,0.0
1014,1.0,1.0,1.0
1015,0.0,0.0,0.0
1016,1.0,1.0,1.0
1017,0.0,1.0,1.0
1018,1.0,0.0,0.0
1019,1.0,1.0,1.0
102,1.0,1.0,1.0
1020,1.0,1.0,1.0
1021,1.0,1.0,1.0
1022,1.0,1.0,1.0
1023,1.0,1.0,1.0
1024,1.0,1.0,1.0
1025,1.0,1.0,1.0
1026,0.0,0.0,0.0
1027,1.0,1.0,1.0
1028,0.0,0.0,0.0
1029,0.0,0.0,0.0
103,0.0,0.0,0.0
1030,1.0,1.0,1.0
1031,0.0,0.0,0.0
1032,0.0,0.0,0.0
1033,0.0,1.0,1.0
1034,0.0,1.0,1.0
1035,1.0,1.0,1.0
1036,1.0,1.0,1.0
1037,1.0,1.0,1.0
1038,1.0,0.0,0.0
1039,1.0,1.0,1.0
104,0.0,0.0,0.0
1040,0.0,1.0,1.0
1041,1.0,1.0,1.0
1042,0.0,0.0,0.0
1043,0.0,0.0,0.0
1044,0.0,0.0,0.0
1045,1.0,1.0,1.0
1046,1.0,1.0,1.0
1047,1.0,1.0,1.0
1048,1.0,1.0,1.0
1049,1.0,1.0,1.0
105,0.0,0.0,0.0
1050,0.0,0.0,0.0
1051,1.0,1.0,1.0
1052,0.0,0.0,0.0
1053,1.0,1.0,1.0
1054,1.0,1.0,1.0
1055,1.0,1.0,1.0
1056,0.0,1.0,1.0
1057,1.0,1.0,1.0
1058,0.0,0.0,0.0
1059,1.0,1.0,1.0
106,1.0,0.0,1.0
1060,1.0,1.0,1.0
1061,1.0,1.0,1.0
1062,0.0,0.0,0.0
1063,1.0,1.0,1.0
1064,0.0,0.0,0.0
1065,1.0,1.0,1.0
1066,1.0,1.0,1.0
1067,1.0,1.0,1.0
1068,1.0,1.0,1.0
1069,1.0,1.0,1.0
107,0.0,0.0,0.0
1070,1.0,1.0,1.0
1071,1.0,1.0,1.0
1072,1.0,1.0,0.0
1073,1.0,0.0,1.0
1074,1.0,1.0,1.0
1075,1.0,0.0,0.0
1076,1.0,1.0,1.0
1077,1.0,1.0,1.0
1078,0.0,0.0,1.0
1079,1.0,1.0,1.0
108,1.0,1.0,1.0
1080,1.0,1.0,1.0
1081,0.0,0.0,0.0
1082,1.0,1.0,1.0
1083,1.0,1.0,1.0
1084,1.0,1.0,1.0
1085,0.0,0.0,0.0
1086,1.0,1.0,1.0
1087,0.0,0.0,0.0
1088,0.0,0.0,1.0
1089,0.0,0.0,0.0
109,1.0,1.0,1.0
1090,0.0,0.0,0.0
1091,1.0,1.0,1.0
1092,1.0,1.0,1.0
1093,1.0,1.0,1.0
1094,1.0,1.0,1.0
1095,1.0,0.0,0.0
1096,1.0,1.0,1.0
1097,0.0,0.0,0.0
1098,1.0,1.0,1.0
1099,1.0,1.0,1.0
11,1.0,1.0,1.0
110,0.0,0.0,0.0
1100,0.0,0.0,0.0
1101,1.0,1.0,1.0
1102,1.0,1.0,1.0
1103,1.0,1.0,1.0
1104,1.0,1.0,1.0
1105,1.0,1.0,1.0
1106,1.0,1.0,1.0
1107,1.0,1.0,1.0
1108,1.0,1.0,1.0
1109,1.0,1.0,1.0
111,1.0,1.0,1.0
1110,1.0,1.0,1.0
1111,1.0,1.0,1.0
1112,0.0,0.0,0.0
1113,0.0,0.0,0.0
1114,1.0,1.0,1.0
1115,0.0,0.0,0.0
1116,0.0,0.0,0.0
1117,1.0,1.0,1.0
1118,1.0,0.0,0.0
1119,1.0,1.0,1.0
112,0.0,0.0,0.0
1120,1.0,1.0,1.0
1121,0.0,0.0,0.0
1122,1.0,1.0,1.0
1123,1.0,1.0,1.0
1124,0.0,1.0,1.0
1125,1.0,1.0,1.0
1126,0.0,0.0,0.0
1127,1.0,1.0,1.0
1128,1.0,1.0,1.0
1129,0.0,0.0,0.0
113,1.0,1.0,1.0
1130,1.0,1.0,1.0
1131,0.0,0.0,0.0
1132,1.0,1.0,1.0
1133,1.0,0.0,1.0
1134,1.0,1.0,1.0
1135,0.0,0.0,0.0
1136,1.0,1.0,1.0
1137,1.0,1.0,1.0
1138,0.0,1.0,1.0
1139,0.0,1.0,1.0
114,1.0,1.0,1.0
1140,1.0,1.0,1.0
1141,1.0,1.0,1.0
1142,1.0,1.0,1.0
1143,0.0,1.0,1.0
1144,1.0,1.0,1.0
1145,1.0,1.0,0.0
1146,0.0,0.0,0.0
1147,0.0,0.0,0.0
1148,1.0,1.0,1.0
1149,1.0,1.0,1.0
115,1.0,1.0,1.0
1150,1.0,0.0,1.0
1151,0.0,0.0,0.0
1152,1.0,1.0,1.0
1153,0.0,0.0,0.0
1154,1.0,1.0,1.0
1155,0.0,0.0,0.0
1156,1.0,1.0,1.0
1157,0.0,0.0,0.0
1158,0.0,0.0,0.0
1159,0.0,0.0,0.0
116,1.0,1.0,1.0
1160,1.0,1.0,0.0
1161,0.0,0.0,0.0
1162,1.0,1.0,1.0
1163,1.0,1.0,1.0
1164,0.0,0.0,0.0
1165,0.0,0.0,0.0
1166,1.0,1.0,1.0
1167,1.0,1.0,1.0
1168,0.0,0.0,0.0
1169,0.0,1.0,1.0
117,1.0,1.0,1.0
1170,1.0,1.0,1.0
1171,1.0,1.0,1.0
1172,0.0,1.0,1.0
1173,1.0,1.0,1.0
1174,1.0,1.0,1.0
1175,0.0,1.0,0.0
1176,0.0,0.0,0.0
1177,0.0,1.0,1.0
1178,0.0,0.0,0.0
1179,0.0,0.0,0.0
118,0.0,0.0,0.0
1180,1.0,1.0,1.0
1181,0.0,1.0,1.0
1182,1.0,1.0,1.0
1183,0.0,0.0,0.0
1184,0.0,0.0,0.0
1185,1.0,1.0,1.0
1186,0.0,1.0,1.0
1187,1.0,1.0,1.0
1188,1.0,1.0,1.0
1189,1.0,1.0,1.0
119,1.0,1.0,1.0
1190,1.0,1.0,1.0
1191,0.0,0.0,0.0
1192,1.0,1.0,1.0
1193,0.0,1.0,1.0
1194,0.0,1.0,0.0
1195,1.0,1.0,0.0
1196,0.0,0.0,0.0
1197,0.0,0.0,0.0
1198,0.0,0.0,0.0
1199,1.0,1.0,1.0
12,0.0,0.0,0.0
120,0.0,0.0,0.0
1200,1.0,1.0,1.0
1201,0.0,0.0,0.0
1202,1.0,1.0,1.0
1203,1.0,1.0,1.0
1204,0.0,0.0,0.0
1205,1.0,1.0,1.0
1206,1.0,1.0,1.0
1207,0.0,1.0,0.0
1208,0.0,1.0,0.0
1209,1.0,1.0,1.0
121,1.0,1.0,1.0
1210,1.0,1.0,1.0
1211,1.0,1.0,1.0
1212,1.0,1.0,1.0
1213,1.0,1.0,1.0
1214,1.0,1.0,1.0
1215,0.0,0.0,0.0
1216,1.0,1.0,1.0
1217,0.0,0.0,0.0
1218,1.0,1.0,1.0
1219,1.0,0.0,0.0
122,0.0,0.0,0.0
1220,0.0,0.0,0.0
1221,1.0,1.0,1.0
1222,1.0,1.0,1.0
1223,1.0,1.0,1.0
1224,0.0,0.0,0.0
1225,0.0,1.0,0.0
1226,0.0,0.0,0.0
1227,1.0,1.0,1.0
1228,1.0,1.0,1.0
1229,1.0,0.0,0.0
123,1.0,1.0,1.0
1230,0.0,1.0,1.0
1231,1.0,1.0,1.0
1232,1.0,1.0,1.0
1233,1.0,1.0,1.0
1234,1.0,1.0,1.0
1235,0.0,0.0,0.0
1236,0.0,1.0,1.0
1237,0.0,1.0,0.0
1238,1.0,0.0,1.0
1239,1.0,1.0,1.0
124,0.0,1.0,0.0
1240,1.0,1.0,1.0
1241,1.0,0.0,1.0
1242,0.0,0.0,0.0
1243,0.0,1.0,0.0
1244,1.0,1.0,1.0
1245,1.0,0.0,1.0
1246,0.0,0.0,0.0
1247,0.0,0.0,0.0
1248,0.0,0.0,0.0
1249,1.0,1.0,1.0
125,0.0,0.0,0.0
1250,1.0,1.0,0.0
1251,1.0,1.0,1.0
1252,0.0,0.0,0.0
1253,1.0,1.0,1.0
1254,1.0,0.0,0.0
1255,1.0,1.0,0.0
1256,0.0,1.0,0.0
1257,0.0,0.0,0.0
1258,0.0,0.0,0.0
1259,1.0,0.0,1.0
126,0.0,0.0,0.0
1260,1.0,1.0,1.0
1261,0.0,0.0,0.0
1262,0.0,1.0,1.0
1263,1.0,1.0,1.0
1264,1.0,1.0,1.0
1265,1.0,1.0,1.0
1266,0.0,1.0,0.0
1267,1.0,1.0,1.0
