comparison,metric,direction,query_id,question,baseline_arm,baseline_text,baseline_source_span,baseline_errors,baseline_coverage,treatment_arm,treatment_text,treatment_source_span,treatment_errors,treatment_coverage,interpretation_status
a2_new_minus_old_on_old_a1,span_aligned,improved,3605104154738105404,What episode does jason gideon die in criminal minds?,old_old,"Jason Gideon is a character who dies in the TV show Criminal Minds in the Season 10 episode titled ""Nelson's Sparrow"".","Jason Gideon dies in the Season 10 episode ""Nelson's Sparrow""",meaning_changed;span_misaligned,NA,old_new,"Jason Gideon is a character who dies in the TV show Criminal Minds in the Season 10 episode titled ""Nelson's Sparrow"".","Jason Gideon dies in the Season 10 episode ""Nelson's Sparrow""",,NA,requires_manual_narrative_review
a2_new_minus_old_on_old_a1,self_contained,regressed,-4456614433280196572,What season does meredith and derek get married in grey's anatomy?,old_old,Meredith and Derek are married in the fifth season of the show.,Meredith and Derek get married in season five [3].,,NA,old_new,Meredith and Derek are married in the fifth season of the show.,Meredith and Derek get married in season five [3].,unresolved_reference,NA,requires_manual_narrative_review
a2_new_minus_old_on_new_a1,span_aligned,regressed,-3344541168958463110,Who fought with an angel in the bible?,new_old,Jacob engaged in a physical confrontation with an angel in the Bible.,Jacob fought with an angel,,NA,new_new,Jacob engaged in a physical confrontation with an angel in the Bible.,Jacob fought with an angel,meaning_changed;span_misaligned,NA,requires_manual_narrative_review
a1_new_minus_old,verifiable,improved,-1859261645300630518,When does steve come back in shameless season 5?,old,"I don't know.
[2]",,citation_only;meta_nonclaim,NA,new,"Steve Howey returns in Shameless season 5 in episode 1 titled ""The Big Sick"", which premiered on January 11, 2015 [2].",,multi_fact,NA,requires_manual_narrative_review
a1_new_minus_old,atomic,regressed,7494804303418493420,Movie with the song sunshine on my shoulders?,old,"[1]
The movie with the song ""Sunshine on My Shoulders"" is titled ""Sunshine,"" which aired on NBC in 1973.",,citation_only,NA,new,"The movie ""Sunshine"" aired on NBC in 1973 and used the song ""Sunshine on My Shoulders"" as its theme [1].",,multi_fact,NA,requires_manual_narrative_review
a2_coverage_new_minus_old_on_old_a1,fact_coverage_ordinal,improved,6514531923811923780,When does disney's food and wine festival end?,old_old,"The Disney's Food and Wine Festival ends on November 13 [1] and also ends on November 12th, 2018 [2]. [1][2]","- The Disney's Food and Wine Festival also concluded on November 12, 2018.",fact_omission,partial,old_new,"The Disney's Food and Wine Festival ends on November 13 [1] and also ends on November 12th, 2018 [2]. [1][2]","- The Disney's Food and Wine Festival concluded on November 13.
- The Disney's Food and Wine Festival also concluded on November 12, 2018.",,complete,requires_manual_narrative_review
a2_coverage_new_minus_old_on_new_a1,fact_coverage_ordinal,improved,-5942352520455511076,Where can adipose tissue be found in the body?,new_old,"Adipose tissue is located beneath the skin (subcutaneous fat) [1][4], around internal organs (visceral fat) [1][3], in bone marrow (yellow bone marrow) [1], intermuscularly [1], and in the breast tissue [1].","- Adipose tissue exists beneath the skin as subcutaneous fat.
- Adipose tissue surrounds internal organs as visceral fat.",fact_omission,partial,new_new,"Adipose tissue is located beneath the skin (subcutaneous fat) [1][4], around internal organs (visceral fat) [1][3], in bone marrow (yellow bone marrow) [1], intermuscularly [1], and in the breast tissue [1].","- Adipose tissue exists beneath the skin as subcutaneous fat.
- Adipose tissue surrounds internal organs as visceral fat.
- Adipose tissue is present in the yellow bone marrow of bones.
- Adipose tissue is situated between muscle fibers intermuscularly.
- Adipose tissue is found in the breast tissue.",,complete,requires_manual_narrative_review
a2_new_minus_old_on_new_a1,self_contained,improved,-8286966211355378010,What is the objective of tour de france?,new_old,"The Tour de France aims to identify the top professional bicycle racer.
The competition consists of multiple stages, each lasting a day.
The Tour de France spans a total of 23 days.","The objective of the Tour de France is to determine the best professional bicycle racer
through a series of day-long stages
over 23 days",meaning_changed;span_misaligned;unresolved_reference,NA,new_new,"The Tour de France aims to identify the top professional bicycle racer.
The Tour de France spans a total of 23 days.
The competition consists of multiple stages, each lasting a day.","The objective of the Tour de France is to determine the best professional bicycle racer
over 23 days
through a series of day-long stages",meaning_changed;span_misaligned,NA,requires_manual_narrative_review
